"Interval Frequency=F","dozenal values","eye spheres","nucleus/up/down triangle","number of finger-vectors in eighteyes of given F","number of finger-vectors in foureyes of given F","number of spheres per hex","number of vectors in VE of given F","per eighteyes","per foureyes","per triangular plane, eye","rowId","spheres VE total (nucleus has in&outside=2)","spheres per VE/icosa-shell","spheres per edge finger"
"{""value"":""0""}","{""value"":{""root"":{""children"":[{""id"":""cl-ZWlz2BvKOt"",""type"":""Line"",""style"":""Paragraph"",""children"":[{""text"":""\n""}],""alignment"":""Left"",""lineLevel"":0}]},""type"":""slate""}}","{""value"":{""name"":""#NAME?"",""type"":""ref"",""rowId"":""i-mednAUhP4r"",""targetTableId"":""grid-9b_wKenBYU-select-list-c-90gqdBnx5b""}}","{""value"":{""root"":{""children"":[{""id"":""cl-2WV4cpi6-x"",""type"":""Line"",""style"":""Paragraph"",""children"":[{""text"":""\n""}],""alignment"":""Left"",""lineLevel"":0}]},""type"":""slate""}}","{""value"":{""root"":{""children"":[{""id"":""cl-mKm3EzQk7z"",""type"":""Line"",""style"":""Paragraph"",""children"":[{""text"":""\n""}],""alignment"":""Left"",""lineLevel"":0}]},""type"":""slate""}}","{""value"":{""root"":{""children"":[{""id"":""cl-v36gS2s-MH"",""type"":""Line"",""style"":""Paragraph"",""children"":[{""text"":""\n""}],""alignment"":""Left"",""lineLevel"":0}]},""type"":""slate""}}","{""value"":{""root"":{""children"":[{""id"":""cl-N9MnjMoPuk"",""type"":""Line"",""style"":""Paragraph"",""children"":[{""text"":""\n""}],""alignment"":""Left"",""lineLevel"":0}]},""type"":""slate""}}","{""value"":{""root"":{""children"":[{""id"":""cl-BnWG_JTWbY"",""type"":""Line"",""style"":""Paragraph"",""children"":[{""text"":""\n""}],""alignment"":""Left"",""lineLevel"":0}]},""type"":""slate""}}","{""value"":""0""}","{""value"":""0""}","{""value"":""0""}","i-uhPnt17S4V","{""value"":{""root"":{""children"":[{""id"":""cl-Of5sq_YX3G"",""type"":""Line"",""style"":""Paragraph"",""children"":[{""text"":""\n""}],""alignment"":""Left"",""lineLevel"":0}]},""type"":""slate""}}","{""value"":{""root"":{""children"":[{""id"":""cl-eWZsHyWtaJ"",""type"":""Line"",""style"":""Paragraph"",""children"":[{""text"":""\n""}],""alignment"":""Left"",""lineLevel"":0}]},""type"":""slate""}}","{""value"":""0""}"
"{""value"":""0""}","{""value"":{""root"":{""children"":[{""id"":""cl-5VgXIUvMYA"",""type"":""Line"",""style"":""Paragraph"",""children"":[{""text"":""\n""}],""alignment"":""Left"",""lineLevel"":0}]},""type"":""slate""}}","{""value"":{""name"":""#NAME?"",""type"":""ref"",""rowId"":""i-mednAUhP4r"",""targetTableId"":""grid-9b_wKenBYU-select-list-c-90gqdBnx5b""}}","{""value"":"".""}","{""value"":""0""}","{""value"":""0""}","{""value"":""1""}","{""value"":""0""}","{""value"":""1""}","{""value"":""1""}","{""value"":""1""}","i-pczNkpmmai","{""value"":""1""}","{""value"":""2""}","{""value"":""1""}"
"{""value"":""1""}","{""value"":{""root"":{""children"":[{""id"":""cl-oIgOuNGm8u"",""type"":""Line"",""style"":""Paragraph"",""children"":[{""text"":""\n""}],""alignment"":""Left"",""lineLevel"":0}]},""type"":""slate""}}","{""value"":{""name"":""#NAME?"",""type"":""ref"",""rowId"":""i-mednAUhP4r"",""targetTableId"":""grid-9b_wKenBYU-select-list-c-90gqdBnx5b""}}","{""value"":""<""}","{""value"":""12""}","{""value"":""6""}","{""value"":""7""}","{""value"":""36""}","{""value"":""6""}","{""value"":""4""}","{""value"":""3""}","i-KYuaPJsQ3A","{""value"":""13""}","{""value"":""12""}","{""value"":""2""}"
"{""value"":""2""}","{""value"":{""root"":{""children"":[{""id"":""cl-fFJ-plWEZx"",""type"":""Line"",""style"":""Paragraph"",""children"":[{""text"":""\n""}],""alignment"":""Left"",""lineLevel"":0}]},""type"":""slate""}}","{""value"":{""name"":""\n"",""type"":""ref"",""rowId"":""i-axeX1kgXPQ"",""targetTableId"":""grid-9b_wKenBYU-select-list-c-90gqdBnx5b""}}","{""value"":"">""}","{""value"":""60""}","{""value"":""24""}","{""value"":""19""}","{""value"":""216""}","{""value"":""19""}","{""value"":""10""}","{""value"":""6""}","i-5ZtCCV4l9E","{""value"":""55""}","{""value"":""42""}","{""value"":""3""}"
"{""value"":""3""}","{""value"":{""root"":{""children"":[{""id"":""cl-6u5SD8x1gD"",""type"":""Line"",""style"":""Paragraph"",""children"":[{""text"":""\n""}],""alignment"":""Left"",""lineLevel"":0}]},""type"":""slate""}}","{""value"":{""name"":""\n"",""type"":""ref"",""rowId"":""i-axeX1kgXPQ"",""targetTableId"":""grid-9b_wKenBYU-select-list-c-90gqdBnx5b""}}","{""value"":"".""}","{""value"":""168""}","{""value"":""60""}","{""value"":""37""}","{""value"":""660""}","{""value"":""44""}","{""value"":""20""}","{""value"":""10""}","i-Xj5bvfWz7U","{""value"":""147""}","{""value"":""92""}","{""value"":""4""}"
"{""value"":""4""}","{""value"":{""root"":{""children"":[{""id"":""cl-Un3v7WPphg"",""type"":""Line"",""style"":""Paragraph"",""children"":[{""text"":""\n""}],""alignment"":""Left"",""lineLevel"":0}]},""type"":""slate""}}","{""value"":{""name"":""\n"",""type"":""ref"",""rowId"":""i-axeX1kgXPQ"",""targetTableId"":""grid-9b_wKenBYU-select-list-c-90gqdBnx5b""}}","{""value"":""<""}","{""value"":""360""}","{""value"":""120""}","{""value"":""61""}","{""value"":""1,488""}","{""value"":""85""}","{""value"":""35""}","{""value"":""15""}","i-OMH6vZDHl-","{""value"":""309""}","{""value"":""162""}","{""value"":""5""}"
"{""value"":""5""}","{""value"":{""root"":{""children"":[{""id"":""cl-AQ9UpXMDVc"",""type"":""Line"",""style"":""Paragraph"",""children"":[{""text"":""\n""}],""alignment"":""Left"",""lineLevel"":0}]},""type"":""slate""}}","{""value"":{""name"":""\n"",""type"":""ref"",""rowId"":""i-axeX1kgXPQ"",""targetTableId"":""grid-9b_wKenBYU-select-list-c-90gqdBnx5b""}}","{""value"":"">""}","{""value"":""660""}","{""value"":""210""}","{""value"":""91""}","{""value"":""2,820""}","{""value"":""146""}","{""value"":""56""}","{""value"":""21""}","i-jfE9FQ3UfT","{""value"":""561""}","{""value"":""252""}","{""value"":""6""}"
"{""value"":""6""}","{""value"":{""root"":{""children"":[{""id"":""cl-R32cLqh0nP"",""type"":""Line"",""style"":""Paragraph"",""children"":[{""text"":""\n""}],""alignment"":""Left"",""lineLevel"":0}]},""type"":""slate""}}","{""value"":{""name"":""\n"",""type"":""ref"",""rowId"":""i-axeX1kgXPQ"",""targetTableId"":""grid-9b_wKenBYU-select-list-c-90gqdBnx5b""}}","{""value"":"".""}","{""value"":""1,092""}","{""value"":""336""}","{""value"":""127""}","{""value"":""4,776""}","{""value"":""231""}","{""value"":""84""}","{""value"":""28""}","i-PcRkomo6C5","{""value"":""923""}","{""value"":""362""}","{""value"":""7""}"
"{""value"":""7""}","{""value"":{""root"":{""children"":[{""id"":""cl-56X5pOgTWI"",""type"":""Line"",""style"":""Paragraph"",""children"":[{""text"":""\n""}],""alignment"":""Left"",""lineLevel"":0}]},""type"":""slate""}}","{""value"":{""name"":""\n"",""type"":""ref"",""rowId"":""i-axeX1kgXPQ"",""targetTableId"":""grid-9b_wKenBYU-select-list-c-90gqdBnx5b""}}","{""value"":""<""}","{""value"":""1,680""}","{""value"":""504""}","{""value"":""169""}","{""value"":""7,476""}","{""value"":""344""}","{""value"":""120""}","{""value"":""36""}","i--0p0T5qH7_","{""value"":""1,415""}","{""value"":""492""}","{""value"":""8""}"
"{""value"":""8""}","{""value"":{""root"":{""children"":[{""id"":""cl-xnVsIvVt9D"",""type"":""Line"",""style"":""Paragraph"",""children"":[{""text"":""\n""}],""alignment"":""Left"",""lineLevel"":0}]},""type"":""slate""}}","{""value"":{""name"":""\n"",""type"":""ref"",""rowId"":""i-axeX1kgXPQ"",""targetTableId"":""grid-9b_wKenBYU-select-list-c-90gqdBnx5b""}}","{""value"":"">""}","{""value"":""2,448""}","{""value"":""720""}","{""value"":""217""}","{""value"":""11,040""}","{""value"":""489""}","{""value"":""165""}","{""value"":""45""}","i-QDbImc6RxG","{""value"":""2,057""}","{""value"":""642""}","{""value"":""9""}"
"{""value"":""9""}","{""value"":{""root"":{""children"":[{""id"":""cl-weyDHMbPGo"",""type"":""Line"",""style"":""Paragraph"",""children"":[{""text"":""\n""}],""alignment"":""Left"",""lineLevel"":0}]},""type"":""slate""}}","{""value"":{""name"":""\n"",""type"":""ref"",""rowId"":""i-axeX1kgXPQ"",""targetTableId"":""grid-9b_wKenBYU-select-list-c-90gqdBnx5b""}}","{""value"":"".""}","{""value"":""3,420""}","{""value"":""990""}","{""value"":""271""}","{""value"":""15,588""}","{""value"":""670""}","{""value"":""220""}","{""value"":""55""}","i-jiVYoDGyza","{""value"":""2,869""}","{""value"":""812""}","{""value"":""10""}"
"{""value"":""10""}","{""value"":{""root"":{""children"":[{""id"":""cl-zGB_9NliYC"",""type"":""Line"",""style"":""Paragraph"",""children"":[{""text"":""\n""}],""alignment"":""Left"",""lineLevel"":0}]},""type"":""slate""}}","{""value"":{""name"":""\n"",""type"":""ref"",""rowId"":""i-axeX1kgXPQ"",""targetTableId"":""grid-9b_wKenBYU-select-list-c-90gqdBnx5b""}}","{""value"":""<""}","{""value"":""4,620""}","{""value"":""1,320""}","{""value"":""331""}","{""value"":""21,240""}","{""value"":""891""}","{""value"":""286""}","{""value"":""66""}","i-ZimbSLrNj0","{""value"":""3,871""}","{""value"":""1,002""}","{""value"":""11""}"
"{""value"":""11""}","{""value"":{""root"":{""children"":[{""id"":""cl-GvQWus_3sX"",""type"":""Line"",""style"":""Paragraph"",""children"":[{""text"":""\n""}],""alignment"":""Left"",""lineLevel"":0}]},""type"":""slate""}}","{""value"":{""name"":""\n"",""type"":""ref"",""rowId"":""i-axeX1kgXPQ"",""targetTableId"":""grid-9b_wKenBYU-select-list-c-90gqdBnx5b""}}","{""value"":"">""}","{""value"":""6,072""}","{""value"":""1,716""}","{""value"":""397""}","{""value"":""28,116""}","{""value"":""1,156""}","{""value"":""364""}","{""value"":""78""}","i-w8ts3Ui8nT","{""value"":""5,083""}","{""value"":""1,212""}","{""value"":""12""}"
"{""value"":""12""}","{""value"":{""root"":{""children"":[{""id"":""cl-6wRSdLw5nk"",""type"":""Line"",""style"":""Paragraph"",""children"":[{""text"":""\n""}],""alignment"":""Left"",""lineLevel"":0}]},""type"":""slate""}}","{""value"":{""name"":""\n"",""type"":""ref"",""rowId"":""i-axeX1kgXPQ"",""targetTableId"":""grid-9b_wKenBYU-select-list-c-90gqdBnx5b""}}","{""value"":"".""}","{""value"":""7,800""}","{""value"":""2,184""}","{""value"":""469""}","{""value"":""36,336""}","{""value"":""1,469""}","{""value"":""455""}","{""value"":""91""}","i-d5OB3Kv77d","{""value"":""6,525""}","{""value"":""1,442""}","{""value"":""13""}"
"{""value"":""13""}","{""value"":{""root"":{""children"":[{""id"":""cl-NvQKAD-1bG"",""type"":""Line"",""style"":""Paragraph"",""children"":[{""text"":""\n""}],""alignment"":""Left"",""lineLevel"":0}]},""type"":""slate""}}","{""value"":{""name"":""\n"",""type"":""ref"",""rowId"":""i-axeX1kgXPQ"",""targetTableId"":""grid-9b_wKenBYU-select-list-c-90gqdBnx5b""}}","{""value"":""<""}","{""value"":""9,828""}","{""value"":""2,730""}","{""value"":""547""}","{""value"":""46,020""}","{""value"":""1,834""}","{""value"":""560""}","{""value"":""105""}","i-0v_IlWtyvr","{""value"":""8,217""}","{""value"":""1,692""}","{""value"":""14""}"
"{""value"":""14""}","{""value"":{""root"":{""children"":[{""id"":""cl-UCpu8XPmgT"",""type"":""Line"",""style"":""Paragraph"",""children"":[{""text"":""\n""}],""alignment"":""Left"",""lineLevel"":0}]},""type"":""slate""}}","{""value"":{""name"":""\n"",""type"":""ref"",""rowId"":""i-axeX1kgXPQ"",""targetTableId"":""grid-9b_wKenBYU-select-list-c-90gqdBnx5b""}}","{""value"":"">""}","{""value"":""12,180""}","{""value"":""3,360""}","{""value"":""631""}","{""value"":""57,288""}","{""value"":""2,255""}","{""value"":""680""}","{""value"":""120""}","i-0YD6vMdAo_","{""value"":""10,179""}","{""value"":""1,962""}","{""value"":""15""}"
"{""value"":""15""}","{""value"":{""root"":{""children"":[{""id"":""cl-JRc3ckkSgG"",""type"":""Line"",""style"":""Paragraph"",""children"":[{""text"":""\n""}],""alignment"":""Left"",""lineLevel"":0}]},""type"":""slate""}}","{""value"":{""name"":""\n"",""type"":""ref"",""rowId"":""i-axeX1kgXPQ"",""targetTableId"":""grid-9b_wKenBYU-select-list-c-90gqdBnx5b""}}","{""value"":"".""}","{""value"":""14,880""}","{""value"":""4,080""}","{""value"":""721""}","{""value"":""70,260""}","{""value"":""2,736""}","{""value"":""816""}","{""value"":""136""}","i-rAsAQm82qA","{""value"":""12,431""}","{""value"":""2,252""}","{""value"":""16""}"
"{""value"":""16""}","{""value"":{""root"":{""children"":[{""id"":""cl-49zz15A9m0"",""type"":""Line"",""style"":""Paragraph"",""children"":[{""text"":""\n""}],""alignment"":""Left"",""lineLevel"":0}]},""type"":""slate""}}","{""value"":{""name"":""\n"",""type"":""ref"",""rowId"":""i-axeX1kgXPQ"",""targetTableId"":""grid-9b_wKenBYU-select-list-c-90gqdBnx5b""}}","{""value"":""<""}","{""value"":""17,952""}","{""value"":""4,896""}","{""value"":""817""}","{""value"":""85,056""}","{""value"":""3,281""}","{""value"":""969""}","{""value"":""153""}","i-4TyH7eoPIi","{""value"":""14,993""}","{""value"":""2,562""}","{""value"":""17""}"
"{""value"":""17""}","{""value"":{""root"":{""children"":[{""id"":""cl-Pic-oRk21k"",""type"":""Line"",""style"":""Paragraph"",""children"":[{""text"":""\n""}],""alignment"":""Left"",""lineLevel"":0}]},""type"":""slate""}}","{""value"":{""name"":""\n"",""type"":""ref"",""rowId"":""i-axeX1kgXPQ"",""targetTableId"":""grid-9b_wKenBYU-select-list-c-90gqdBnx5b""}}","{""value"":"">""}","{""value"":""21,420""}","{""value"":""5,814""}","{""value"":""919""}","{""value"":""101,796""}","{""value"":""3,894""}","{""value"":""1,140""}","{""value"":""171""}","i-_Evl5L5FmP","{""value"":""17,885""}","{""value"":""2,892""}","{""value"":""18""}"
"{""value"":""18""}","{""value"":{""root"":{""children"":[{""id"":""cl-RUmgca1TIz"",""type"":""Line"",""style"":""Paragraph"",""children"":[{""text"":""\n""}],""alignment"":""Left"",""lineLevel"":0}]},""type"":""slate""}}","{""value"":{""name"":""\n"",""type"":""ref"",""rowId"":""i-axeX1kgXPQ"",""targetTableId"":""grid-9b_wKenBYU-select-list-c-90gqdBnx5b""}}","{""value"":"".""}","{""value"":""25,308""}","{""value"":""6,840""}","{""value"":""1027""}","{""value"":""120,600""}","{""value"":""4,579""}","{""value"":""1,330""}","{""value"":""190""}","i-HL8EqXFyNP","{""value"":""21,127""}","{""value"":""3,242""}","{""value"":""19""}"
"{""value"":""19""}","{""value"":{""root"":{""children"":[{""id"":""cl-8kjE55uPqm"",""type"":""Line"",""style"":""Paragraph"",""children"":[{""text"":""\n""}],""alignment"":""Left"",""lineLevel"":0}]},""type"":""slate""}}","{""value"":{""name"":""\n"",""type"":""ref"",""rowId"":""i-axeX1kgXPQ"",""targetTableId"":""grid-9b_wKenBYU-select-list-c-90gqdBnx5b""}}","{""value"":""<""}","{""value"":""29,640""}","{""value"":""7,980""}","{""value"":""1141""}","{""value"":""141,588""}","{""value"":""5,340""}","{""value"":""1,540""}","{""value"":""210""}","i-csGxY-nmeb","{""value"":""24,739""}","{""value"":""3,612""}","{""value"":""20""}"
"{""value"":""20""}","{""value"":{""root"":{""children"":[{""id"":""cl-bRCeaV_Uyy"",""type"":""Line"",""style"":""Paragraph"",""children"":[{""text"":""\n""}],""alignment"":""Left"",""lineLevel"":0}]},""type"":""slate""}}","{""value"":{""name"":""\n"",""type"":""ref"",""rowId"":""i-axeX1kgXPQ"",""targetTableId"":""grid-9b_wKenBYU-select-list-c-90gqdBnx5b""}}","{""value"":"">""}","{""value"":""34,440""}","{""value"":""9,240""}","{""value"":""1261""}","{""value"":""164,880""}","{""value"":""6,181""}","{""value"":""1,771""}","{""value"":""231""}","i-Nm9A0XWEtf","{""value"":""28,741""}","{""value"":""4,002""}","{""value"":""21""}"
"{""value"":""21""}","{""value"":{""root"":{""children"":[{""id"":""cl-B4__RksLnv"",""type"":""Line"",""style"":""Paragraph"",""children"":[{""text"":""\n""}],""alignment"":""Left"",""lineLevel"":0}]},""type"":""slate""}}","{""value"":{""name"":""\n"",""type"":""ref"",""rowId"":""i-axeX1kgXPQ"",""targetTableId"":""grid-9b_wKenBYU-select-list-c-90gqdBnx5b""}}","{""value"":"".""}","{""value"":""39,732""}","{""value"":""10,626""}","{""value"":""1387""}","{""value"":""190,596""}","{""value"":""7,106""}","{""value"":""2,024""}","{""value"":""253""}","i-931RM4wyel","{""value"":""33,153""}","{""value"":""4,412""}","{""value"":""22""}"
"{""value"":""22""}","{""value"":{""root"":{""children"":[{""id"":""cl-zfVwfp3jD-"",""type"":""Line"",""style"":""Paragraph"",""children"":[{""text"":""\n""}],""alignment"":""Left"",""lineLevel"":0}]},""type"":""slate""}}","{""value"":{""name"":""\n"",""type"":""ref"",""rowId"":""i-axeX1kgXPQ"",""targetTableId"":""grid-9b_wKenBYU-select-list-c-90gqdBnx5b""}}","{""value"":""<""}","{""value"":""45,540""}","{""value"":""12,144""}","{""value"":""1519""}","{""value"":""218,856""}","{""value"":""8,119""}","{""value"":""2,300""}","{""value"":""276""}","i--KFNA5rxL0","{""value"":""37,995""}","{""value"":""4,842""}","{""value"":""23""}"
"{""value"":""23""}","{""value"":{""root"":{""children"":[{""id"":""cl-XDBOp3sdb5"",""type"":""Line"",""style"":""Paragraph"",""children"":[{""text"":""\n""}],""alignment"":""Left"",""lineLevel"":0}]},""type"":""slate""}}","{""value"":{""name"":""\n"",""type"":""ref"",""rowId"":""i-axeX1kgXPQ"",""targetTableId"":""grid-9b_wKenBYU-select-list-c-90gqdBnx5b""}}","{""value"":"">""}","{""value"":""51,888""}","{""value"":""13,800""}","{""value"":""1657""}","{""value"":""249,780""}","{""value"":""9,224""}","{""value"":""2,600""}","{""value"":""300""}","i-bTQLLwxz1x","{""value"":""43,287""}","{""value"":""5,292""}","{""value"":""24""}"
"{""value"":""24""}","{""value"":{""root"":{""children"":[{""id"":""cl-rHcb2alWla"",""type"":""Line"",""style"":""Paragraph"",""children"":[{""text"":""\n""}],""alignment"":""Left"",""lineLevel"":0}]},""type"":""slate""}}","{""value"":{""name"":""\n"",""type"":""ref"",""rowId"":""i-axeX1kgXPQ"",""targetTableId"":""grid-9b_wKenBYU-select-list-c-90gqdBnx5b""}}","{""value"":"".""}","{""value"":""58,800""}","{""value"":""15,600""}","{""value"":""1801""}","{""value"":""283,488""}","{""value"":""10,425""}","{""value"":""2,925""}","{""value"":""325""}","i-v7VOMfNFdO","{""value"":""49,049""}","{""value"":""5,762""}","{""value"":""25""}"
"{""value"":""25""}","{""value"":{""root"":{""children"":[{""id"":""cl-0sDfyX49DN"",""type"":""Line"",""style"":""Paragraph"",""children"":[{""text"":""\n""}],""alignment"":""Left"",""lineLevel"":0}]},""type"":""slate""}}","{""value"":{""name"":""\n"",""type"":""ref"",""rowId"":""i-axeX1kgXPQ"",""targetTableId"":""grid-9b_wKenBYU-select-list-c-90gqdBnx5b""}}","{""value"":""<""}","{""value"":""66,300""}","{""value"":""17,550""}","{""value"":""1951""}","{""value"":""320,100""}","{""value"":""11,726""}","{""value"":""3,276""}","{""value"":""351""}","i-WbUpEuTVAp","{""value"":""55,301""}","{""value"":""6,252""}","{""value"":""26""}"
"{""value"":""26""}","{""value"":{""root"":{""children"":[{""id"":""cl-sj7zuGMCiv"",""type"":""Line"",""style"":""Paragraph"",""children"":[{""text"":""\n""}],""alignment"":""Left"",""lineLevel"":0}]},""type"":""slate""}}","{""value"":{""name"":""\n"",""type"":""ref"",""rowId"":""i-axeX1kgXPQ"",""targetTableId"":""grid-9b_wKenBYU-select-list-c-90gqdBnx5b""}}","{""value"":"">""}","{""value"":""74,412""}","{""value"":""19,656""}","{""value"":""2107""}","{""value"":""359,736""}","{""value"":""13,131""}","{""value"":""3,654""}","{""value"":""378""}","i-6Y9_VZnmZX","{""value"":""62,063""}","{""value"":""6,762""}","{""value"":""27""}"
"{""value"":""27""}","{""value"":{""root"":{""children"":[{""id"":""cl-j4O1O153Ac"",""type"":""Line"",""style"":""Paragraph"",""children"":[{""text"":""\n""}],""alignment"":""Left"",""lineLevel"":0}]},""type"":""slate""}}","{""value"":{""name"":""\n"",""type"":""ref"",""rowId"":""i-axeX1kgXPQ"",""targetTableId"":""grid-9b_wKenBYU-select-list-c-90gqdBnx5b""}}","{""value"":"".""}","{""value"":""83,160""}","{""value"":""21,924""}","{""value"":""2269""}","{""value"":""402,516""}","{""value"":""14,644""}","{""value"":""4,060""}","{""value"":""406""}","i-vmU1WoxMhx","{""value"":""69,355""}","{""value"":""7,292""}","{""value"":""28""}"
"{""value"":""28""}","{""value"":{""root"":{""children"":[{""id"":""cl-OxKc0rJoUB"",""type"":""Line"",""style"":""Paragraph"",""children"":[{""text"":""\n""}],""alignment"":""Left"",""lineLevel"":0}]},""type"":""slate""}}","{""value"":{""name"":""\n"",""type"":""ref"",""rowId"":""i-axeX1kgXPQ"",""targetTableId"":""grid-9b_wKenBYU-select-list-c-90gqdBnx5b""}}","{""value"":""<""}","{""value"":""92,568""}","{""value"":""24,360""}","{""value"":""2437""}","{""value"":""448,560""}","{""value"":""16,269""}","{""value"":""4,495""}","{""value"":""435""}","i-syCNgd_Ec-","{""value"":""77,197""}","{""value"":""7,842""}","{""value"":""29""}"
"{""value"":""29""}","{""value"":{""root"":{""children"":[{""id"":""cl-QV0y4UfagZ"",""type"":""Line"",""style"":""Paragraph"",""children"":[{""text"":""\n""}],""alignment"":""Left"",""lineLevel"":0}]},""type"":""slate""}}","{""value"":{""name"":""\n"",""type"":""ref"",""rowId"":""i-axeX1kgXPQ"",""targetTableId"":""grid-9b_wKenBYU-select-list-c-90gqdBnx5b""}}","{""value"":"">""}","{""value"":""102,660""}","{""value"":""26,970""}","{""value"":""2611""}","{""value"":""497,988""}","{""value"":""18,010""}","{""value"":""4,960""}","{""value"":""465""}","i-yzhTyEfJ7_","{""value"":""85,609""}","{""value"":""8,412""}","{""value"":""30""}"
"{""value"":""30""}","{""value"":{""root"":{""children"":[{""id"":""cl-Md-JnAr7Lc"",""type"":""Line"",""style"":""Paragraph"",""children"":[{""text"":""\n""}],""alignment"":""Left"",""lineLevel"":0}]},""type"":""slate""}}","{""value"":{""name"":""\n"",""type"":""ref"",""rowId"":""i-axeX1kgXPQ"",""targetTableId"":""grid-9b_wKenBYU-select-list-c-90gqdBnx5b""}}","{""value"":"".""}","{""value"":""113,460""}","{""value"":""29,760""}","{""value"":""2791""}","{""value"":""550,920""}","{""value"":""19,871""}","{""value"":""5,456""}","{""value"":""496""}","i-C01iNglgZo","{""value"":""94,611""}","{""value"":""9,002""}","{""value"":""31""}"
"{""value"":""31""}","{""value"":{""root"":{""children"":[{""id"":""cl-PSC7lwec7E"",""type"":""Line"",""style"":""Paragraph"",""children"":[{""text"":""\n""}],""alignment"":""Left"",""lineLevel"":0}]},""type"":""slate""}}","{""value"":{""name"":""\n"",""type"":""ref"",""rowId"":""i-axeX1kgXPQ"",""targetTableId"":""grid-9b_wKenBYU-select-list-c-90gqdBnx5b""}}","{""value"":""<""}","{""value"":""124,992""}","{""value"":""32,736""}","{""value"":""2977""}","{""value"":""607,476""}","{""value"":""21,856""}","{""value"":""5,984""}","{""value"":""528""}","i-Xab5mIOG11","{""value"":""104,223""}","{""value"":""9,612""}","{""value"":""32""}"
"{""value"":""32""}","{""value"":{""root"":{""children"":[{""id"":""cl-rZEcrkl45g"",""type"":""Line"",""style"":""Paragraph"",""children"":[{""text"":""\n""}],""alignment"":""Left"",""lineLevel"":0}]},""type"":""slate""}}","{""value"":{""name"":""\n"",""type"":""ref"",""rowId"":""i-axeX1kgXPQ"",""targetTableId"":""grid-9b_wKenBYU-select-list-c-90gqdBnx5b""}}","{""value"":"">""}","{""value"":""137,280""}","{""value"":""35,904""}","{""value"":""3169""}","{""value"":""667,776""}","{""value"":""23,969""}","{""value"":""6,545""}","{""value"":""561""}","i-B4I91wqEEh","{""value"":""114,465""}","{""value"":""10,242""}","{""value"":""33""}"
"{""value"":""33""}","{""value"":{""root"":{""children"":[{""id"":""cl-L-oay4vYYY"",""type"":""Line"",""style"":""Paragraph"",""children"":[{""text"":""\n""}],""alignment"":""Left"",""lineLevel"":0}]},""type"":""slate""}}","{""value"":{""name"":""\n"",""type"":""ref"",""rowId"":""i-axeX1kgXPQ"",""targetTableId"":""grid-9b_wKenBYU-select-list-c-90gqdBnx5b""}}","{""value"":"".""}","{""value"":""150,348""}","{""value"":""39,270""}","{""value"":""3367""}","{""value"":""731,940""}","{""value"":""26,214""}","{""value"":""7,140""}","{""value"":""595""}","i-_NV8ud6emK","{""value"":""125,357""}","{""value"":""10,892""}","{""value"":""34""}"
"{""value"":""34""}","{""value"":{""root"":{""children"":[{""id"":""cl-wzwwirj0Dk"",""type"":""Line"",""style"":""Paragraph"",""children"":[{""text"":""\n""}],""alignment"":""Left"",""lineLevel"":0}]},""type"":""slate""}}","{""value"":{""name"":""\n"",""type"":""ref"",""rowId"":""i-axeX1kgXPQ"",""targetTableId"":""grid-9b_wKenBYU-select-list-c-90gqdBnx5b""}}","{""value"":""<""}","{""value"":""164,220""}","{""value"":""42,840""}","{""value"":""3571""}","{""value"":""800,088""}","{""value"":""28,595""}","{""value"":""7,770""}","{""value"":""630""}","i-zXRE-EUlZo","{""value"":""136,919""}","{""value"":""11,562""}","{""value"":""35""}"
"{""value"":""35""}","{""value"":{""root"":{""children"":[{""id"":""cl-6KBAbqEYY7"",""type"":""Line"",""style"":""Paragraph"",""children"":[{""text"":""\n""}],""alignment"":""Left"",""lineLevel"":0}]},""type"":""slate""}}","{""value"":{""name"":""\n"",""type"":""ref"",""rowId"":""i-axeX1kgXPQ"",""targetTableId"":""grid-9b_wKenBYU-select-list-c-90gqdBnx5b""}}","{""value"":"">""}","{""value"":""178,920""}","{""value"":""46,620""}","{""value"":""3781""}","{""value"":""872,340""}","{""value"":""31,116""}","{""value"":""8,436""}","{""value"":""666""}","i-7wvANxS4oj","{""value"":""149,171""}","{""value"":""12,252""}","{""value"":""36""}"
"{""value"":""36""}","{""value"":{""root"":{""children"":[{""id"":""cl-gu0TE70H-a"",""type"":""Line"",""style"":""Paragraph"",""children"":[{""text"":""\n""}],""alignment"":""Left"",""lineLevel"":0}]},""type"":""slate""}}","{""value"":{""name"":""\n"",""type"":""ref"",""rowId"":""i-axeX1kgXPQ"",""targetTableId"":""grid-9b_wKenBYU-select-list-c-90gqdBnx5b""}}","{""value"":"".""}","{""value"":""194,472""}","{""value"":""50,616""}","{""value"":""3997""}","{""value"":""948,816""}","{""value"":""33,781""}","{""value"":""9,139""}","{""value"":""703""}","i-FdM66Y9QJi","{""value"":""162,133""}","{""value"":""12,962""}","{""value"":""37""}"
"{""value"":""37""}","{""value"":{""root"":{""children"":[{""id"":""cl-Aio04NKfnq"",""type"":""Line"",""style"":""Paragraph"",""children"":[{""text"":""\n""}],""alignment"":""Left"",""lineLevel"":0}]},""type"":""slate""}}","{""value"":{""name"":""\n"",""type"":""ref"",""rowId"":""i-axeX1kgXPQ"",""targetTableId"":""grid-9b_wKenBYU-select-list-c-90gqdBnx5b""}}","{""value"":""<""}","{""value"":""210,900""}","{""value"":""54,834""}","{""value"":""4219""}","{""value"":""1,029,636""}","{""value"":""36,594""}","{""value"":""9,880""}","{""value"":""741""}","i-RpK1TjzAzu","{""value"":""175,825""}","{""value"":""13,692""}","{""value"":""38""}"
"{""value"":""38""}","{""value"":{""root"":{""children"":[{""id"":""cl-w-2NwVR89I"",""type"":""Line"",""style"":""Paragraph"",""children"":[{""text"":""\n""}],""alignment"":""Left"",""lineLevel"":0}]},""type"":""slate""}}","{""value"":{""name"":""\n"",""type"":""ref"",""rowId"":""i-axeX1kgXPQ"",""targetTableId"":""grid-9b_wKenBYU-select-list-c-90gqdBnx5b""}}","{""value"":"">""}","{""value"":""228,228""}","{""value"":""59,280""}","{""value"":""4447""}","{""value"":""1,114,920""}","{""value"":""39,559""}","{""value"":""10,660""}","{""value"":""780""}","i-EwsIg1nW4t","{""value"":""190,267""}","{""value"":""14,442""}","{""value"":""39""}"
"{""value"":""39""}","{""value"":{""root"":{""children"":[{""id"":""cl-xo65F_LyoO"",""type"":""Line"",""style"":""Paragraph"",""children"":[{""text"":""\n""}],""alignment"":""Left"",""lineLevel"":0}]},""type"":""slate""}}","{""value"":{""name"":""\n"",""type"":""ref"",""rowId"":""i-axeX1kgXPQ"",""targetTableId"":""grid-9b_wKenBYU-select-list-c-90gqdBnx5b""}}","{""value"":"".""}","{""value"":""246,480""}","{""value"":""63,960""}","{""value"":""4681""}","{""value"":""1,204,788""}","{""value"":""42,680""}","{""value"":""11,480""}","{""value"":""820""}","i-HdMxTi9Dmd","{""value"":""205,479""}","{""value"":""15,212""}","{""value"":""40""}"
"{""value"":""40""}","{""value"":{""root"":{""children"":[{""id"":""cl-2Rn1mX5m8Z"",""type"":""Line"",""style"":""Paragraph"",""children"":[{""text"":""\n""}],""alignment"":""Left"",""lineLevel"":0}]},""type"":""slate""}}","{""value"":{""name"":""\n"",""type"":""ref"",""rowId"":""i-axeX1kgXPQ"",""targetTableId"":""grid-9b_wKenBYU-select-list-c-90gqdBnx5b""}}","{""value"":""<""}","{""value"":""265,680""}","{""value"":""68,880""}","{""value"":""4921""}","{""value"":""1,299,360""}","{""value"":""45,961""}","{""value"":""12,341""}","{""value"":""861""}","i-zkMQ-_AleP","{""value"":""221,481""}","{""value"":""16,002""}","{""value"":""41""}"
"{""value"":""41""}","{""value"":{""root"":{""children"":[{""id"":""cl-51VBe6CE_C"",""type"":""Line"",""style"":""Paragraph"",""children"":[{""text"":""\n""}],""alignment"":""Left"",""lineLevel"":0}]},""type"":""slate""}}","{""value"":{""name"":""\n"",""type"":""ref"",""rowId"":""i-axeX1kgXPQ"",""targetTableId"":""grid-9b_wKenBYU-select-list-c-90gqdBnx5b""}}","{""value"":"">""}","{""value"":""285,852""}","{""value"":""74,046""}","{""value"":""5167""}","{""value"":""1,398,756""}","{""value"":""49,406""}","{""value"":""13,244""}","{""value"":""903""}","i-HZcgdkF6nG","{""value"":""238,293""}","{""value"":""16,812""}","{""value"":""42""}"
"{""value"":""42""}","{""value"":{""root"":{""children"":[{""id"":""cl--iF2JblJVq"",""type"":""Line"",""style"":""Paragraph"",""children"":[{""text"":""\n""}],""alignment"":""Left"",""lineLevel"":0}]},""type"":""slate""}}","{""value"":{""name"":""\n"",""type"":""ref"",""rowId"":""i-axeX1kgXPQ"",""targetTableId"":""grid-9b_wKenBYU-select-list-c-90gqdBnx5b""}}","{""value"":"".""}","{""value"":""307,020""}","{""value"":""79,464""}","{""value"":""5419""}","{""value"":""1,503,096""}","{""value"":""53,019""}","{""value"":""14,190""}","{""value"":""946""}","i-5iw4S_nRkv","{""value"":""255,935""}","{""value"":""17,642""}","{""value"":""43""}"
"{""value"":""43""}","{""value"":{""root"":{""children"":[{""id"":""cl-yMQv0GthUu"",""type"":""Line"",""style"":""Paragraph"",""children"":[{""text"":""\n""}],""alignment"":""Left"",""lineLevel"":0}]},""type"":""slate""}}","{""value"":{""name"":""\n"",""type"":""ref"",""rowId"":""i-axeX1kgXPQ"",""targetTableId"":""grid-9b_wKenBYU-select-list-c-90gqdBnx5b""}}","{""value"":""<""}","{""value"":""329,208""}","{""value"":""85,140""}","{""value"":""5677""}","{""value"":""1,612,500""}","{""value"":""56,804""}","{""value"":""15,180""}","{""value"":""990""}","i-OVtmE4lYLN","{""value"":""274,427""}","{""value"":""18,492""}","{""value"":""44""}"
"{""value"":""44""}","{""value"":{""root"":{""children"":[{""id"":""cl-Ey0qcCEAZg"",""type"":""Line"",""style"":""Paragraph"",""children"":[{""text"":""\n""}],""alignment"":""Left"",""lineLevel"":0}]},""type"":""slate""}}","{""value"":{""name"":""\n"",""type"":""ref"",""rowId"":""i-axeX1kgXPQ"",""targetTableId"":""grid-9b_wKenBYU-select-list-c-90gqdBnx5b""}}","{""value"":"">""}","{""value"":""352,440""}","{""value"":""91,080""}","{""value"":""5941""}","{""value"":""1,727,088""}","{""value"":""60,765""}","{""value"":""16,215""}","{""value"":""1,035""}","i-fQlvtm7PAk","{""value"":""293,789""}","{""value"":""19,362""}","{""value"":""45""}"
"{""value"":""45""}","{""value"":{""root"":{""children"":[{""id"":""cl-lif9F11ypM"",""type"":""Line"",""style"":""Paragraph"",""children"":[{""text"":""\n""}],""alignment"":""Left"",""lineLevel"":0}]},""type"":""slate""}}","{""value"":{""name"":""\n"",""type"":""ref"",""rowId"":""i-axeX1kgXPQ"",""targetTableId"":""grid-9b_wKenBYU-select-list-c-90gqdBnx5b""}}","{""value"":"".""}","{""value"":""376,740""}","{""value"":""97,290""}","{""value"":""6211""}","{""value"":""1,846,980""}","{""value"":""64,906""}","{""value"":""17,296""}","{""value"":""1,081""}","i-yqPqTPd_f7","{""value"":""314,041""}","{""value"":""20,252""}","{""value"":""46""}"
"{""value"":""46""}","{""value"":{""root"":{""children"":[{""id"":""cl-ZZ5twJfo_I"",""type"":""Line"",""style"":""Paragraph"",""children"":[{""text"":""\n""}],""alignment"":""Left"",""lineLevel"":0}]},""type"":""slate""}}","{""value"":{""name"":""\n"",""type"":""ref"",""rowId"":""i-axeX1kgXPQ"",""targetTableId"":""grid-9b_wKenBYU-select-list-c-90gqdBnx5b""}}","{""value"":""<""}","{""value"":""402,132""}","{""value"":""103,776""}","{""value"":""6487""}","{""value"":""1,972,296""}","{""value"":""69,231""}","{""value"":""18,424""}","{""value"":""1,128""}","i-LnFslwJxoU","{""value"":""335,203""}","{""value"":""21,162""}","{""value"":""47""}"
"{""value"":""47""}","{""value"":{""root"":{""children"":[{""id"":""cl-QZje34KBrc"",""type"":""Line"",""style"":""Paragraph"",""children"":[{""text"":""\n""}],""alignment"":""Left"",""lineLevel"":0}]},""type"":""slate""}}","{""value"":{""name"":""\n"",""type"":""ref"",""rowId"":""i-axeX1kgXPQ"",""targetTableId"":""grid-9b_wKenBYU-select-list-c-90gqdBnx5b""}}","{""value"":"">""}","{""value"":""428,640""}","{""value"":""110,544""}","{""value"":""6769""}","{""value"":""2,103,156""}","{""value"":""73,744""}","{""value"":""19,600""}","{""value"":""1,176""}","i-72tIPtalQY","{""value"":""357,295""}","{""value"":""22,092""}","{""value"":""48""}"
"{""value"":""48""}","{""value"":{""root"":{""children"":[{""id"":""cl-c5JPdAeWbL"",""type"":""Line"",""style"":""Paragraph"",""children"":[{""text"":""\n""}],""alignment"":""Left"",""lineLevel"":0}]},""type"":""slate""}}","{""value"":{""name"":""\n"",""type"":""ref"",""rowId"":""i-axeX1kgXPQ"",""targetTableId"":""grid-9b_wKenBYU-select-list-c-90gqdBnx5b""}}","{""value"":"".""}","{""value"":""456,288""}","{""value"":""117,600""}","{""value"":""7057""}","{""value"":""2,239,680""}","{""value"":""78,449""}","{""value"":""20,825""}","{""value"":""1,225""}","i-YlfY77tH9U","{""value"":""380,337""}","{""value"":""23,042""}","{""value"":""49""}"
"{""value"":""49""}","{""value"":{""root"":{""children"":[{""id"":""cl-PxyG-jbhNi"",""type"":""Line"",""style"":""Paragraph"",""children"":[{""text"":""\n""}],""alignment"":""Left"",""lineLevel"":0}]},""type"":""slate""}}","{""value"":{""name"":""\n"",""type"":""ref"",""rowId"":""i-axeX1kgXPQ"",""targetTableId"":""grid-9b_wKenBYU-select-list-c-90gqdBnx5b""}}","{""value"":""<""}","{""value"":""485,100""}","{""value"":""124,950""}","{""value"":""7351""}","{""value"":""2,381,988""}","{""value"":""83,350""}","{""value"":""22,100""}","{""value"":""1,275""}","i-g_WpUZDCK5","{""value"":""404,349""}","{""value"":""24,012""}","{""value"":""50""}"
"{""value"":""50""}","{""value"":{""root"":{""children"":[{""id"":""cl-Sg7qp8BUHG"",""type"":""Line"",""style"":""Paragraph"",""children"":[{""text"":""\n""}],""alignment"":""Left"",""lineLevel"":0}]},""type"":""slate""}}","{""value"":{""name"":""\n"",""type"":""ref"",""rowId"":""i-axeX1kgXPQ"",""targetTableId"":""grid-9b_wKenBYU-select-list-c-90gqdBnx5b""}}","{""value"":"">""}","{""value"":""515,100""}","{""value"":""132,600""}","{""value"":""7651""}","{""value"":""2,530,200""}","{""value"":""88,451""}","{""value"":""23,426""}","{""value"":""1,326""}","i-GdHsqWYZPA","{""value"":""429,351""}","{""value"":""25,002""}","{""value"":""51""}"
"{""value"":""51""}","{""value"":{""root"":{""children"":[{""id"":""cl-JaAKEjQjlN"",""type"":""Line"",""style"":""Paragraph"",""children"":[{""text"":""\n""}],""alignment"":""Left"",""lineLevel"":0}]},""type"":""slate""}}","{""value"":{""name"":""\n"",""type"":""ref"",""rowId"":""i-axeX1kgXPQ"",""targetTableId"":""grid-9b_wKenBYU-select-list-c-90gqdBnx5b""}}","{""value"":"".""}","{""value"":""546,312""}","{""value"":""140,556""}","{""value"":""7957""}","{""value"":""2,684,436""}","{""value"":""93,756""}","{""value"":""24,804""}","{""value"":""1,378""}","i-otFWGkwHpw","{""value"":""455,363""}","{""value"":""26,012""}","{""value"":""52""}"
"{""value"":""52""}","{""value"":{""root"":{""children"":[{""id"":""cl-ZurMJltcxq"",""type"":""Line"",""style"":""Paragraph"",""children"":[{""text"":""\n""}],""alignment"":""Left"",""lineLevel"":0}]},""type"":""slate""}}","{""value"":{""name"":""\n"",""type"":""ref"",""rowId"":""i-axeX1kgXPQ"",""targetTableId"":""grid-9b_wKenBYU-select-list-c-90gqdBnx5b""}}","{""value"":""<""}","{""value"":""578,760""}","{""value"":""148,824""}","{""value"":""8269""}","{""value"":""2,844,816""}","{""value"":""99,269""}","{""value"":""26,235""}","{""value"":""1,431""}","i-SrNlIMTZ-6","{""value"":""482,405""}","{""value"":""27,042""}","{""value"":""53""}"
"{""value"":""53""}","{""value"":{""root"":{""children"":[{""id"":""cl--NAGKzqUA9"",""type"":""Line"",""style"":""Paragraph"",""children"":[{""text"":""\n""}],""alignment"":""Left"",""lineLevel"":0}]},""type"":""slate""}}","{""value"":{""name"":""\n"",""type"":""ref"",""rowId"":""i-axeX1kgXPQ"",""targetTableId"":""grid-9b_wKenBYU-select-list-c-90gqdBnx5b""}}","{""value"":"">""}","{""value"":""612,468""}","{""value"":""157,410""}","{""value"":""8587""}","{""value"":""3,011,460""}","{""value"":""104,994""}","{""value"":""27,720""}","{""value"":""1,485""}","i-zM9Z_aZC0w","{""value"":""510,497""}","{""value"":""28,092""}","{""value"":""54""}"
"{""value"":""54""}","{""value"":{""root"":{""children"":[{""id"":""cl-cLGH7JtVNS"",""type"":""Line"",""style"":""Paragraph"",""children"":[{""text"":""\n""}],""alignment"":""Left"",""lineLevel"":0}]},""type"":""slate""}}","{""value"":{""name"":""\n"",""type"":""ref"",""rowId"":""i-axeX1kgXPQ"",""targetTableId"":""grid-9b_wKenBYU-select-list-c-90gqdBnx5b""}}","{""value"":"".""}","{""value"":""647,460""}","{""value"":""166,320""}","{""value"":""8911""}","{""value"":""3,184,488""}","{""value"":""110,935""}","{""value"":""29,260""}","{""value"":""1,540""}","i-NEiiEjjOVd","{""value"":""539,659""}","{""value"":""29,162""}","{""value"":""55""}"
"{""value"":""55""}","{""value"":{""root"":{""children"":[{""id"":""cl-p1BvzIee4b"",""type"":""Line"",""style"":""Paragraph"",""children"":[{""text"":""\n""}],""alignment"":""Left"",""lineLevel"":0}]},""type"":""slate""}}","{""value"":{""name"":""\n"",""type"":""ref"",""rowId"":""i-axeX1kgXPQ"",""targetTableId"":""grid-9b_wKenBYU-select-list-c-90gqdBnx5b""}}","{""value"":""<""}","{""value"":""683,760""}","{""value"":""175,560""}","{""value"":""9241""}","{""value"":""3,364,020""}","{""value"":""117,096""}","{""value"":""30,856""}","{""value"":""1,596""}","i-EJudjiJ2WR","{""value"":""569,911""}","{""value"":""30,252""}","{""value"":""56""}"
"{""value"":""56""}","{""value"":{""root"":{""children"":[{""id"":""cl-QiK7i8uI1g"",""type"":""Line"",""style"":""Paragraph"",""children"":[{""text"":""\n""}],""alignment"":""Left"",""lineLevel"":0}]},""type"":""slate""}}","{""value"":{""name"":""\n"",""type"":""ref"",""rowId"":""i-axeX1kgXPQ"",""targetTableId"":""grid-9b_wKenBYU-select-list-c-90gqdBnx5b""}}","{""value"":"">""}","{""value"":""721,392""}","{""value"":""185,136""}","{""value"":""9577""}","{""value"":""3,550,176""}","{""value"":""123,481""}","{""value"":""32,509""}","{""value"":""1,653""}","i-Brv9-wrbbf","{""value"":""601,273""}","{""value"":""31,362""}","{""value"":""57""}"
"{""value"":""57""}","{""value"":{""root"":{""children"":[{""id"":""cl-AOg73TR4M_"",""type"":""Line"",""style"":""Paragraph"",""children"":[{""text"":""\n""}],""alignment"":""Left"",""lineLevel"":0}]},""type"":""slate""}}","{""value"":{""name"":""\n"",""type"":""ref"",""rowId"":""i-axeX1kgXPQ"",""targetTableId"":""grid-9b_wKenBYU-select-list-c-90gqdBnx5b""}}","{""value"":"".""}","{""value"":""760,380""}","{""value"":""195,054""}","{""value"":""9919""}","{""value"":""3,743,076""}","{""value"":""130,094""}","{""value"":""34,220""}","{""value"":""1,711""}","i-Nfl08MI1z1","{""value"":""633,765""}","{""value"":""32,492""}","{""value"":""58""}"
"{""value"":""58""}","{""value"":{""root"":{""children"":[{""id"":""cl-kOg3-x_IOI"",""type"":""Line"",""style"":""Paragraph"",""children"":[{""text"":""\n""}],""alignment"":""Left"",""lineLevel"":0}]},""type"":""slate""}}","{""value"":{""name"":""\n"",""type"":""ref"",""rowId"":""i-axeX1kgXPQ"",""targetTableId"":""grid-9b_wKenBYU-select-list-c-90gqdBnx5b""}}","{""value"":""<""}","{""value"":""800,748""}","{""value"":""205,320""}","{""value"":""10267""}","{""value"":""3,942,840""}","{""value"":""136,939""}","{""value"":""35,990""}","{""value"":""1,770""}","i-jX8xj_mzqw","{""value"":""667,407""}","{""value"":""33,642""}","{""value"":""59""}"
"{""value"":""59""}","{""value"":{""root"":{""children"":[{""id"":""cl--8P8Ur7keD"",""type"":""Line"",""style"":""Paragraph"",""children"":[{""text"":""\n""}],""alignment"":""Left"",""lineLevel"":0}]},""type"":""slate""}}","{""value"":{""name"":""\n"",""type"":""ref"",""rowId"":""i-axeX1kgXPQ"",""targetTableId"":""grid-9b_wKenBYU-select-list-c-90gqdBnx5b""}}","{""value"":"">""}","{""value"":""842,520""}","{""value"":""215,940""}","{""value"":""10621""}","{""value"":""4,149,588""}","{""value"":""144,020""}","{""value"":""37,820""}","{""value"":""1,830""}","i-nevGf89n78","{""value"":""702,219""}","{""value"":""34,812""}","{""value"":""60""}"
"{""value"":""60""}","{""value"":{""root"":{""children"":[{""id"":""cl-oHmZ4zmfBC"",""type"":""Line"",""style"":""Paragraph"",""children"":[{""text"":""\n""}],""alignment"":""Left"",""lineLevel"":0}]},""type"":""slate""}}","{""value"":{""name"":""\n"",""type"":""ref"",""rowId"":""i-axeX1kgXPQ"",""targetTableId"":""grid-9b_wKenBYU-select-list-c-90gqdBnx5b""}}","{""value"":"".""}","{""value"":""885,720""}","{""value"":""226,920""}","{""value"":""10981""}","{""value"":""4,363,440""}","{""value"":""151,341""}","{""value"":""39,711""}","{""value"":""1,891""}","i-0R07_-xVyO","{""value"":""738,221""}","{""value"":""36,002""}","{""value"":""61""}"
"{""value"":""61""}","{""value"":{""root"":{""children"":[{""id"":""cl-mM8ioxeL-9"",""type"":""Line"",""style"":""Paragraph"",""children"":[{""text"":""\n""}],""alignment"":""Left"",""lineLevel"":0}]},""type"":""slate""}}","{""value"":{""name"":""\n"",""type"":""ref"",""rowId"":""i-axeX1kgXPQ"",""targetTableId"":""grid-9b_wKenBYU-select-list-c-90gqdBnx5b""}}","{""value"":""<""}","{""value"":""930,372""}","{""value"":""238,266""}","{""value"":""11347""}","{""value"":""4,584,516""}","{""value"":""158,906""}","{""value"":""41,664""}","{""value"":""1,953""}","i-BigEuEgjC6","{""value"":""775,433""}","{""value"":""37,212""}","{""value"":""62""}"
"{""value"":""62""}","{""value"":{""root"":{""children"":[{""id"":""cl-PkvlhuVats"",""type"":""Line"",""style"":""Paragraph"",""children"":[{""text"":""\n""}],""alignment"":""Left"",""lineLevel"":0}]},""type"":""slate""}}","{""value"":{""name"":""\n"",""type"":""ref"",""rowId"":""i-axeX1kgXPQ"",""targetTableId"":""grid-9b_wKenBYU-select-list-c-90gqdBnx5b""}}","{""value"":"">""}","{""value"":""976,500""}","{""value"":""249,984""}","{""value"":""11719""}","{""value"":""4,812,936""}","{""value"":""166,719""}","{""value"":""43,680""}","{""value"":""2,016""}","i-we4eh-eZx6","{""value"":""813,875""}","{""value"":""38,442""}","{""value"":""63""}"
"{""value"":""63""}","{""value"":{""root"":{""children"":[{""id"":""cl-ZjSOf3OhG3"",""type"":""Line"",""style"":""Paragraph"",""children"":[{""text"":""\n""}],""alignment"":""Left"",""lineLevel"":0}]},""type"":""slate""}}","{""value"":{""name"":""\n"",""type"":""ref"",""rowId"":""i-axeX1kgXPQ"",""targetTableId"":""grid-9b_wKenBYU-select-list-c-90gqdBnx5b""}}","{""value"":"".""}","{""value"":""1,024,128""}","{""value"":""262,080""}","{""value"":""12097""}","{""value"":""5,048,820""}","{""value"":""174,784""}","{""value"":""45,760""}","{""value"":""2,080""}","i-a3ytNb1qHU","{""value"":""853,567""}","{""value"":""39,692""}","{""value"":""64""}"
"{""value"":""64""}","{""value"":{""root"":{""children"":[{""id"":""cl-f1TYECzANF"",""type"":""Line"",""style"":""Paragraph"",""children"":[{""text"":""\n""}],""alignment"":""Left"",""lineLevel"":0}]},""type"":""slate""}}","{""value"":{""name"":""\n"",""type"":""ref"",""rowId"":""i-axeX1kgXPQ"",""targetTableId"":""grid-9b_wKenBYU-select-list-c-90gqdBnx5b""}}","{""value"":""<""}","{""value"":""1,073,280""}","{""value"":""274,560""}","{""value"":""12481""}","{""value"":""5,292,288""}","{""value"":""183,105""}","{""value"":""47,905""}","{""value"":""2,145""}","i-J5a18lpLPL","{""value"":""894,529""}","{""value"":""40,962""}","{""value"":""65""}"
"{""value"":""65""}","{""value"":{""root"":{""children"":[{""id"":""cl-WrxKhSkJ1e"",""type"":""Line"",""style"":""Paragraph"",""children"":[{""text"":""\n""}],""alignment"":""Left"",""lineLevel"":0}]},""type"":""slate""}}","{""value"":{""name"":""\n"",""type"":""ref"",""rowId"":""i-axeX1kgXPQ"",""targetTableId"":""grid-9b_wKenBYU-select-list-c-90gqdBnx5b""}}","{""value"":"">""}","{""value"":""1,123,980""}","{""value"":""287,430""}","{""value"":""12871""}","{""value"":""5,543,460""}","{""value"":""191,686""}","{""value"":""50,116""}","{""value"":""2,211""}","i-AKlKqPLDNd","{""value"":""936,781""}","{""value"":""42,252""}","{""value"":""66""}"
"{""value"":""66""}","{""value"":{""root"":{""children"":[{""id"":""cl-gx0lCTEDj_"",""type"":""Line"",""style"":""Paragraph"",""children"":[{""text"":""\n""}],""alignment"":""Left"",""lineLevel"":0}]},""type"":""slate""}}","{""value"":{""name"":""\n"",""type"":""ref"",""rowId"":""i-axeX1kgXPQ"",""targetTableId"":""grid-9b_wKenBYU-select-list-c-90gqdBnx5b""}}","{""value"":"".""}","{""value"":""1,176,252""}","{""value"":""300,696""}","{""value"":""13267""}","{""value"":""5,802,456""}","{""value"":""200,531""}","{""value"":""52,394""}","{""value"":""2,278""}","i-tu_dOSR6F0","{""value"":""980,343""}","{""value"":""43,562""}","{""value"":""67""}"
"{""value"":""67""}","{""value"":{""root"":{""children"":[{""id"":""cl-NsK2jHN2By"",""type"":""Line"",""style"":""Paragraph"",""children"":[{""text"":""\n""}],""alignment"":""Left"",""lineLevel"":0}]},""type"":""slate""}}","{""value"":{""name"":""\n"",""type"":""ref"",""rowId"":""i-axeX1kgXPQ"",""targetTableId"":""grid-9b_wKenBYU-select-list-c-90gqdBnx5b""}}","{""value"":""<""}","{""value"":""1,230,120""}","{""value"":""314,364""}","{""value"":""13669""}","{""value"":""6,069,396""}","{""value"":""209,644""}","{""value"":""54,740""}","{""value"":""2,346""}","i-Cl3q0TrwXt","{""value"":""1,025,235""}","{""value"":""44,892""}","{""value"":""68""}"
"{""value"":""68""}","{""value"":{""root"":{""children"":[{""id"":""cl-dLqpRQ4L9u"",""type"":""Line"",""style"":""Paragraph"",""children"":[{""text"":""\n""}],""alignment"":""Left"",""lineLevel"":0}]},""type"":""slate""}}","{""value"":{""name"":""\n"",""type"":""ref"",""rowId"":""i-axeX1kgXPQ"",""targetTableId"":""grid-9b_wKenBYU-select-list-c-90gqdBnx5b""}}","{""value"":"">""}","{""value"":""1,285,608""}","{""value"":""328,440""}","{""value"":""14077""}","{""value"":""6,344,400""}","{""value"":""219,029""}","{""value"":""57,155""}","{""value"":""2,415""}","i-7ImvOZ5Ss6","{""value"":""1,071,477""}","{""value"":""46,242""}","{""value"":""69""}"
"{""value"":""69""}","{""value"":{""root"":{""children"":[{""id"":""cl-m906uKRM9p"",""type"":""Line"",""style"":""Paragraph"",""children"":[{""text"":""\n""}],""alignment"":""Left"",""lineLevel"":0}]},""type"":""slate""}}","{""value"":{""name"":""\n"",""type"":""ref"",""rowId"":""i-axeX1kgXPQ"",""targetTableId"":""grid-9b_wKenBYU-select-list-c-90gqdBnx5b""}}","{""value"":"".""}","{""value"":""1,342,740""}","{""value"":""342,930""}","{""value"":""14491""}","{""value"":""6,627,588""}","{""value"":""228,690""}","{""value"":""59,640""}","{""value"":""2,485""}","i-WHOm5bu5pa","{""value"":""1,119,089""}","{""value"":""47,612""}","{""value"":""70""}"
"{""value"":""70""}","{""value"":{""root"":{""children"":[{""id"":""cl-UYnZSuf0D5"",""type"":""Line"",""style"":""Paragraph"",""children"":[{""text"":""\n""}],""alignment"":""Left"",""lineLevel"":0}]},""type"":""slate""}}","{""value"":{""name"":""\n"",""type"":""ref"",""rowId"":""i-axeX1kgXPQ"",""targetTableId"":""grid-9b_wKenBYU-select-list-c-90gqdBnx5b""}}","{""value"":""<""}","{""value"":""1,401,540""}","{""value"":""357,840""}","{""value"":""14911""}","{""value"":""6,919,080""}","{""value"":""238,631""}","{""value"":""62,196""}","{""value"":""2,556""}","i-Z4W_2tpOjB","{""value"":""1,168,091""}","{""value"":""49,002""}","{""value"":""71""}"
"{""value"":""71""}","{""value"":{""root"":{""children"":[{""id"":""cl-eg0OFITY8k"",""type"":""Line"",""style"":""Paragraph"",""children"":[{""text"":""\n""}],""alignment"":""Left"",""lineLevel"":0}]},""type"":""slate""}}","{""value"":{""name"":""\n"",""type"":""ref"",""rowId"":""i-axeX1kgXPQ"",""targetTableId"":""grid-9b_wKenBYU-select-list-c-90gqdBnx5b""}}","{""value"":"">""}","{""value"":""1,462,032""}","{""value"":""373,176""}","{""value"":""15337""}","{""value"":""7,218,996""}","{""value"":""248,856""}","{""value"":""64,824""}","{""value"":""2,628""}","i-ZRO7tujQ1-","{""value"":""1,218,503""}","{""value"":""50,412""}","{""value"":""72""}"
"{""value"":""72""}","{""value"":{""root"":{""children"":[{""id"":""cl-Ovt58NDHkq"",""type"":""Line"",""style"":""Paragraph"",""children"":[{""text"":""\n""}],""alignment"":""Left"",""lineLevel"":0}]},""type"":""slate""}}","{""value"":{""name"":""\n"",""type"":""ref"",""rowId"":""i-axeX1kgXPQ"",""targetTableId"":""grid-9b_wKenBYU-select-list-c-90gqdBnx5b""}}","{""value"":"".""}","{""value"":""1,524,240""}","{""value"":""388,944""}","{""value"":""15769""}","{""value"":""7,527,456""}","{""value"":""259,369""}","{""value"":""67,525""}","{""value"":""2,701""}","i-vF8knGLauu","{""value"":""1,270,345""}","{""value"":""51,842""}","{""value"":""73""}"
"{""value"":""73""}","{""value"":{""root"":{""children"":[{""id"":""cl-cFe2pDrecK"",""type"":""Line"",""style"":""Paragraph"",""children"":[{""text"":""\n""}],""alignment"":""Left"",""lineLevel"":0}]},""type"":""slate""}}","{""value"":{""name"":""\n"",""type"":""ref"",""rowId"":""i-axeX1kgXPQ"",""targetTableId"":""grid-9b_wKenBYU-select-list-c-90gqdBnx5b""}}","{""value"":""<""}","{""value"":""1,588,188""}","{""value"":""405,150""}","{""value"":""16207""}","{""value"":""7,844,580""}","{""value"":""270,174""}","{""value"":""70,300""}","{""value"":""2,775""}","i-WfrsNrMuMt","{""value"":""1,323,637""}","{""value"":""53,292""}","{""value"":""74""}"
"{""value"":""74""}","{""value"":{""root"":{""children"":[{""id"":""cl-CGphPf-LkK"",""type"":""Line"",""style"":""Paragraph"",""children"":[{""text"":""\n""}],""alignment"":""Left"",""lineLevel"":0}]},""type"":""slate""}}","{""value"":{""name"":""\n"",""type"":""ref"",""rowId"":""i-axeX1kgXPQ"",""targetTableId"":""grid-9b_wKenBYU-select-list-c-90gqdBnx5b""}}","{""value"":"">""}","{""value"":""1,653,900""}","{""value"":""421,800""}","{""value"":""16651""}","{""value"":""8,170,488""}","{""value"":""281,275""}","{""value"":""73,150""}","{""value"":""2,850""}","i-Mksn0VI1KQ","{""value"":""1,378,399""}","{""value"":""54,762""}","{""value"":""75""}"
"{""value"":""75""}","{""value"":{""root"":{""children"":[{""id"":""cl-1dFHuCp-nx"",""type"":""Line"",""style"":""Paragraph"",""children"":[{""text"":""\n""}],""alignment"":""Left"",""lineLevel"":0}]},""type"":""slate""}}","{""value"":{""name"":""\n"",""type"":""ref"",""rowId"":""i-axeX1kgXPQ"",""targetTableId"":""grid-9b_wKenBYU-select-list-c-90gqdBnx5b""}}","{""value"":"".""}","{""value"":""1,721,400""}","{""value"":""438,900""}","{""value"":""17101""}","{""value"":""8,505,300""}","{""value"":""292,676""}","{""value"":""76,076""}","{""value"":""2,926""}","i-t95iZbjhke","{""value"":""1,434,651""}","{""value"":""56,252""}","{""value"":""76""}"
"{""value"":""76""}","{""value"":{""root"":{""children"":[{""id"":""cl-t-Ckv0OQ3i"",""type"":""Line"",""style"":""Paragraph"",""children"":[{""text"":""\n""}],""alignment"":""Left"",""lineLevel"":0}]},""type"":""slate""}}","{""value"":{""name"":""\n"",""type"":""ref"",""rowId"":""i-axeX1kgXPQ"",""targetTableId"":""grid-9b_wKenBYU-select-list-c-90gqdBnx5b""}}","{""value"":""<""}","{""value"":""1,790,712""}","{""value"":""456,456""}","{""value"":""17557""}","{""value"":""8,849,136""}","{""value"":""304,381""}","{""value"":""79,079""}","{""value"":""3,003""}","i-cBjvPswGOK","{""value"":""1,492,413""}","{""value"":""57,762""}","{""value"":""77""}"
"{""value"":""77""}","{""value"":{""root"":{""children"":[{""id"":""cl-cyTU8HbyCK"",""type"":""Line"",""style"":""Paragraph"",""children"":[{""text"":""\n""}],""alignment"":""Left"",""lineLevel"":0}]},""type"":""slate""}}","{""value"":{""name"":""\n"",""type"":""ref"",""rowId"":""i-axeX1kgXPQ"",""targetTableId"":""grid-9b_wKenBYU-select-list-c-90gqdBnx5b""}}","{""value"":"">""}","{""value"":""1,861,860""}","{""value"":""474,474""}","{""value"":""18019""}","{""value"":""9,202,116""}","{""value"":""316,394""}","{""value"":""82,160""}","{""value"":""3,081""}","i-5Dxe2bB_HP","{""value"":""1,551,705""}","{""value"":""59,292""}","{""value"":""78""}"
"{""value"":""78""}","{""value"":{""root"":{""children"":[{""id"":""cl-A1Rs9mPFrv"",""type"":""Line"",""style"":""Paragraph"",""children"":[{""text"":""\n""}],""alignment"":""Left"",""lineLevel"":0}]},""type"":""slate""}}","{""value"":{""name"":""\n"",""type"":""ref"",""rowId"":""i-axeX1kgXPQ"",""targetTableId"":""grid-9b_wKenBYU-select-list-c-90gqdBnx5b""}}","{""value"":"".""}","{""value"":""1,934,868""}","{""value"":""492,960""}","{""value"":""18487""}","{""value"":""9,564,360""}","{""value"":""328,719""}","{""value"":""85,320""}","{""value"":""3,160""}","i-ot6xCFj0Yc","{""value"":""1,612,547""}","{""value"":""60,842""}","{""value"":""79""}"
"{""value"":""79""}","{""value"":{""root"":{""children"":[{""id"":""cl-Wg1K0AXwog"",""type"":""Line"",""style"":""Paragraph"",""children"":[{""text"":""\n""}],""alignment"":""Left"",""lineLevel"":0}]},""type"":""slate""}}","{""value"":{""name"":""\n"",""type"":""ref"",""rowId"":""i-axeX1kgXPQ"",""targetTableId"":""grid-9b_wKenBYU-select-list-c-90gqdBnx5b""}}","{""value"":""<""}","{""value"":""2,009,760""}","{""value"":""511,920""}","{""value"":""18961""}","{""value"":""9,935,988""}","{""value"":""341,360""}","{""value"":""88,560""}","{""value"":""3,240""}","i-IffqDpSZf9","{""value"":""1,674,959""}","{""value"":""62,412""}","{""value"":""80""}"
"{""value"":""80""}","{""value"":{""root"":{""children"":[{""id"":""cl-BKueqvwSRq"",""type"":""Line"",""style"":""Paragraph"",""children"":[{""text"":""\n""}],""alignment"":""Left"",""lineLevel"":0}]},""type"":""slate""}}","{""value"":{""name"":""\n"",""type"":""ref"",""rowId"":""i-axeX1kgXPQ"",""targetTableId"":""grid-9b_wKenBYU-select-list-c-90gqdBnx5b""}}","{""value"":"">""}","{""value"":""2,086,560""}","{""value"":""531,360""}","{""value"":""19441""}","{""value"":""10,317,120""}","{""value"":""354,321""}","{""value"":""91,881""}","{""value"":""3,321""}","i-4qBTqzRKU3","{""value"":""1,738,961""}","{""value"":""64,002""}","{""value"":""81""}"
"{""value"":""81""}","{""value"":{""root"":{""children"":[{""id"":""cl-wLfcWQW-Wq"",""type"":""Line"",""style"":""Paragraph"",""children"":[{""text"":""\n""}],""alignment"":""Left"",""lineLevel"":0}]},""type"":""slate""}}","{""value"":{""name"":""\n"",""type"":""ref"",""rowId"":""i-axeX1kgXPQ"",""targetTableId"":""grid-9b_wKenBYU-select-list-c-90gqdBnx5b""}}","{""value"":"".""}","{""value"":""2,165,292""}","{""value"":""551,286""}","{""value"":""19927""}","{""value"":""10,707,876""}","{""value"":""367,606""}","{""value"":""95,284""}","{""value"":""3,403""}","i-rid5PhCUDj","{""value"":""1,804,573""}","{""value"":""65,612""}","{""value"":""82""}"
"{""value"":""82""}","{""value"":{""root"":{""children"":[{""id"":""cl-M5OE5r0s4M"",""type"":""Line"",""style"":""Paragraph"",""children"":[{""text"":""\n""}],""alignment"":""Left"",""lineLevel"":0}]},""type"":""slate""}}","{""value"":{""name"":""\n"",""type"":""ref"",""rowId"":""i-axeX1kgXPQ"",""targetTableId"":""grid-9b_wKenBYU-select-list-c-90gqdBnx5b""}}","{""value"":""<""}","{""value"":""2,245,980""}","{""value"":""571,704""}","{""value"":""20419""}","{""value"":""11,108,376""}","{""value"":""381,219""}","{""value"":""98,770""}","{""value"":""3,486""}","i-IFJPr8_5he","{""value"":""1,871,815""}","{""value"":""67,242""}","{""value"":""83""}"
"{""value"":""83""}","{""value"":{""root"":{""children"":[{""id"":""cl-kLiz3juIjR"",""type"":""Line"",""style"":""Paragraph"",""children"":[{""text"":""\n""}],""alignment"":""Left"",""lineLevel"":0}]},""type"":""slate""}}","{""value"":{""name"":""\n"",""type"":""ref"",""rowId"":""i-axeX1kgXPQ"",""targetTableId"":""grid-9b_wKenBYU-select-list-c-90gqdBnx5b""}}","{""value"":"">""}","{""value"":""2,328,648""}","{""value"":""592,620""}","{""value"":""20917""}","{""value"":""11,518,740""}","{""value"":""395,164""}","{""value"":""102,340""}","{""value"":""3,570""}","i-_QII0O5f3y","{""value"":""1,940,707""}","{""value"":""68,892""}","{""value"":""84""}"
"{""value"":""84""}","{""value"":{""root"":{""children"":[{""id"":""cl-8Pvpvpbw10"",""type"":""Line"",""style"":""Paragraph"",""children"":[{""text"":""\n""}],""alignment"":""Left"",""lineLevel"":0}]},""type"":""slate""}}","{""value"":{""name"":""\n"",""type"":""ref"",""rowId"":""i-axeX1kgXPQ"",""targetTableId"":""grid-9b_wKenBYU-select-list-c-90gqdBnx5b""}}","{""value"":"".""}","{""value"":""2,413,320""}","{""value"":""614,040""}","{""value"":""21421""}","{""value"":""11,939,088""}","{""value"":""409,445""}","{""value"":""105,995""}","{""value"":""3,655""}","i-IbvtBMy6Y2","{""value"":""2,011,269""}","{""value"":""70,562""}","{""value"":""85""}"
"{""value"":""85""}","{""value"":{""root"":{""children"":[{""id"":""cl-Xu_JDMhGkW"",""type"":""Line"",""style"":""Paragraph"",""children"":[{""text"":""\n""}],""alignment"":""Left"",""lineLevel"":0}]},""type"":""slate""}}","{""value"":{""name"":""\n"",""type"":""ref"",""rowId"":""i-axeX1kgXPQ"",""targetTableId"":""grid-9b_wKenBYU-select-list-c-90gqdBnx5b""}}","{""value"":""<""}","{""value"":""2,500,020""}","{""value"":""635,970""}","{""value"":""21931""}","{""value"":""12,369,540""}","{""value"":""424,066""}","{""value"":""109,736""}","{""value"":""3,741""}","i-AS2qz94JQT","{""value"":""2,083,521""}","{""value"":""72,252""}","{""value"":""86""}"
"{""value"":""86""}","{""value"":{""root"":{""children"":[{""id"":""cl-3nO0gl6ImV"",""type"":""Line"",""style"":""Paragraph"",""children"":[{""text"":""\n""}],""alignment"":""Left"",""lineLevel"":0}]},""type"":""slate""}}","{""value"":{""name"":""\n"",""type"":""ref"",""rowId"":""i-axeX1kgXPQ"",""targetTableId"":""grid-9b_wKenBYU-select-list-c-90gqdBnx5b""}}","{""value"":"">""}","{""value"":""2,588,772""}","{""value"":""658,416""}","{""value"":""22447""}","{""value"":""12,810,216""}","{""value"":""439,031""}","{""value"":""113,564""}","{""value"":""3,828""}","i-FMuKinohf_","{""value"":""2,157,483""}","{""value"":""73,962""}","{""value"":""87""}"
"{""value"":""87""}","{""value"":{""root"":{""children"":[{""id"":""cl-gGSb2_pHJh"",""type"":""Line"",""style"":""Paragraph"",""children"":[{""text"":""\n""}],""alignment"":""Left"",""lineLevel"":0}]},""type"":""slate""}}","{""value"":{""name"":""\n"",""type"":""ref"",""rowId"":""i-axeX1kgXPQ"",""targetTableId"":""grid-9b_wKenBYU-select-list-c-90gqdBnx5b""}}","{""value"":"".""}","{""value"":""2,679,600""}","{""value"":""681,384""}","{""value"":""22969""}","{""value"":""13,261,236""}","{""value"":""454,344""}","{""value"":""117,480""}","{""value"":""3,916""}","i-DkKOxnwrhY","{""value"":""2,233,175""}","{""value"":""75,692""}","{""value"":""88""}"
"{""value"":""88""}","{""value"":{""root"":{""children"":[{""id"":""cl-8Wko1oHysJ"",""type"":""Line"",""style"":""Paragraph"",""children"":[{""text"":""\n""}],""alignment"":""Left"",""lineLevel"":0}]},""type"":""slate""}}","{""value"":{""name"":""\n"",""type"":""ref"",""rowId"":""i-axeX1kgXPQ"",""targetTableId"":""grid-9b_wKenBYU-select-list-c-90gqdBnx5b""}}","{""value"":""<""}","{""value"":""2,772,528""}","{""value"":""704,880""}","{""value"":""23497""}","{""value"":""13,722,720""}","{""value"":""470,009""}","{""value"":""121,485""}","{""value"":""4,005""}","i-CZa-JaSdln","{""value"":""2,310,617""}","{""value"":""77,442""}","{""value"":""89""}"
"{""value"":""89""}","{""value"":{""root"":{""children"":[{""id"":""cl-94WNk8Rp4G"",""type"":""Line"",""style"":""Paragraph"",""children"":[{""text"":""\n""}],""alignment"":""Left"",""lineLevel"":0}]},""type"":""slate""}}","{""value"":{""name"":""\n"",""type"":""ref"",""rowId"":""i-axeX1kgXPQ"",""targetTableId"":""grid-9b_wKenBYU-select-list-c-90gqdBnx5b""}}","{""value"":"">""}","{""value"":""2,867,580""}","{""value"":""728,910""}","{""value"":""24031""}","{""value"":""14,194,788""}","{""value"":""486,030""}","{""value"":""125,580""}","{""value"":""4,095""}","i-3XCqwfO93c","{""value"":""2,389,829""}","{""value"":""79,212""}","{""value"":""90""}"
"{""value"":""90""}","{""value"":{""root"":{""children"":[{""id"":""cl-dTgdDzPpA3"",""type"":""Line"",""style"":""Paragraph"",""children"":[{""text"":""\n""}],""alignment"":""Left"",""lineLevel"":0}]},""type"":""slate""}}","{""value"":{""name"":""\n"",""type"":""ref"",""rowId"":""i-axeX1kgXPQ"",""targetTableId"":""grid-9b_wKenBYU-select-list-c-90gqdBnx5b""}}","{""value"":"".""}","{""value"":""2,964,780""}","{""value"":""753,480""}","{""value"":""24571""}","{""value"":""14,677,560""}","{""value"":""502,411""}","{""value"":""129,766""}","{""value"":""4,186""}","i-wX9EzehM9_","{""value"":""2,470,831""}","{""value"":""81,002""}","{""value"":""91""}"
"{""value"":""91""}","{""value"":{""root"":{""children"":[{""id"":""cl-OCtlfS_9zb"",""type"":""Line"",""style"":""Paragraph"",""children"":[{""text"":""\n""}],""alignment"":""Left"",""lineLevel"":0}]},""type"":""slate""}}","{""value"":{""name"":""\n"",""type"":""ref"",""rowId"":""i-axeX1kgXPQ"",""targetTableId"":""grid-9b_wKenBYU-select-list-c-90gqdBnx5b""}}","{""value"":""<""}","{""value"":""3,064,152""}","{""value"":""778,596""}","{""value"":""25117""}","{""value"":""15,171,156""}","{""value"":""519,156""}","{""value"":""134,044""}","{""value"":""4,278""}","i-4OT3qtBOgH","{""value"":""2,553,643""}","{""value"":""82,812""}","{""value"":""92""}"
"{""value"":""92""}","{""value"":{""root"":{""children"":[{""id"":""cl-QQMGTTFq9G"",""type"":""Line"",""style"":""Paragraph"",""children"":[{""text"":""\n""}],""alignment"":""Left"",""lineLevel"":0}]},""type"":""slate""}}","{""value"":{""name"":""\n"",""type"":""ref"",""rowId"":""i-axeX1kgXPQ"",""targetTableId"":""grid-9b_wKenBYU-select-list-c-90gqdBnx5b""}}","{""value"":"">""}","{""value"":""3,165,720""}","{""value"":""804,264""}","{""value"":""25669""}","{""value"":""15,675,696""}","{""value"":""536,269""}","{""value"":""138,415""}","{""value"":""4,371""}","i-p2CEFjVbz1","{""value"":""2,638,285""}","{""value"":""84,642""}","{""value"":""93""}"
"{""value"":""93""}","{""value"":{""root"":{""children"":[{""id"":""cl-mTyQyVXOsS"",""type"":""Line"",""style"":""Paragraph"",""children"":[{""text"":""\n""}],""alignment"":""Left"",""lineLevel"":0}]},""type"":""slate""}}","{""value"":{""name"":""\n"",""type"":""ref"",""rowId"":""i-axeX1kgXPQ"",""targetTableId"":""grid-9b_wKenBYU-select-list-c-90gqdBnx5b""}}","{""value"":"".""}","{""value"":""3,269,508""}","{""value"":""830,490""}","{""value"":""26227""}","{""value"":""16,191,300""}","{""value"":""553,754""}","{""value"":""142,880""}","{""value"":""4,465""}","i-xprAcaT54m","{""value"":""2,724,777""}","{""value"":""86,492""}","{""value"":""94""}"
"{""value"":""94""}","{""value"":{""root"":{""children"":[{""id"":""cl-FKGg_d67mK"",""type"":""Line"",""style"":""Paragraph"",""children"":[{""text"":""\n""}],""alignment"":""Left"",""lineLevel"":0}]},""type"":""slate""}}","{""value"":{""name"":""\n"",""type"":""ref"",""rowId"":""i-axeX1kgXPQ"",""targetTableId"":""grid-9b_wKenBYU-select-list-c-90gqdBnx5b""}}","{""value"":""<""}","{""value"":""3,375,540""}","{""value"":""857,280""}","{""value"":""26791""}","{""value"":""16,718,088""}","{""value"":""571,615""}","{""value"":""147,440""}","{""value"":""4,560""}","i-patgz-wlBF","{""value"":""2,813,139""}","{""value"":""88,362""}","{""value"":""95""}"
"{""value"":""95""}","{""value"":{""root"":{""children"":[{""id"":""cl-YLH-0-zDnl"",""type"":""Line"",""style"":""Paragraph"",""children"":[{""text"":""\n""}],""alignment"":""Left"",""lineLevel"":0}]},""type"":""slate""}}","{""value"":{""name"":""\n"",""type"":""ref"",""rowId"":""i-axeX1kgXPQ"",""targetTableId"":""grid-9b_wKenBYU-select-list-c-90gqdBnx5b""}}","{""value"":"">""}","{""value"":""3,483,840""}","{""value"":""884,640""}","{""value"":""27361""}","{""value"":""17,256,180""}","{""value"":""589,856""}","{""value"":""152,096""}","{""value"":""4,656""}","i-3Ln7MRicg1","{""value"":""2,903,391""}","{""value"":""90,252""}","{""value"":""96""}"
"{""value"":""96""}","{""value"":{""root"":{""children"":[{""id"":""cl-5k0YhMJkzC"",""type"":""Line"",""style"":""Paragraph"",""children"":[{""text"":""\n""}],""alignment"":""Left"",""lineLevel"":0}]},""type"":""slate""}}","{""value"":{""name"":""\n"",""type"":""ref"",""rowId"":""i-axeX1kgXPQ"",""targetTableId"":""grid-9b_wKenBYU-select-list-c-90gqdBnx5b""}}","{""value"":"".""}","{""value"":""3,594,432""}","{""value"":""912,576""}","{""value"":""27937""}","{""value"":""17,805,696""}","{""value"":""608,481""}","{""value"":""156,849""}","{""value"":""4,753""}","i-kzq7dDklHa","{""value"":""2,995,553""}","{""value"":""92,162""}","{""value"":""97""}"
"{""value"":""97""}","{""value"":{""root"":{""children"":[{""id"":""cl-KUZFD-mo01"",""type"":""Line"",""style"":""Paragraph"",""children"":[{""text"":""\n""}],""alignment"":""Left"",""lineLevel"":0}]},""type"":""slate""}}","{""value"":{""name"":""\n"",""type"":""ref"",""rowId"":""i-axeX1kgXPQ"",""targetTableId"":""grid-9b_wKenBYU-select-list-c-90gqdBnx5b""}}","{""value"":""<""}","{""value"":""3,707,340""}","{""value"":""941,094""}","{""value"":""28519""}","{""value"":""18,366,756""}","{""value"":""627,494""}","{""value"":""161,700""}","{""value"":""4,851""}","i-hybAjxodi3","{""value"":""3,089,645""}","{""value"":""94,092""}","{""value"":""98""}"
"{""value"":""98""}","{""value"":{""root"":{""children"":[{""id"":""cl-qEBgCi02U5"",""type"":""Line"",""style"":""Paragraph"",""children"":[{""text"":""\n""}],""alignment"":""Left"",""lineLevel"":0}]},""type"":""slate""}}","{""value"":{""name"":""\n"",""type"":""ref"",""rowId"":""i-axeX1kgXPQ"",""targetTableId"":""grid-9b_wKenBYU-select-list-c-90gqdBnx5b""}}","{""value"":"">""}","{""value"":""3,822,588""}","{""value"":""970,200""}","{""value"":""29107""}","{""value"":""18,939,480""}","{""value"":""646,899""}","{""value"":""166,650""}","{""value"":""4,950""}","i-zG0gqTl2CZ","{""value"":""3,185,687""}","{""value"":""96,042""}","{""value"":""99""}"
"{""value"":""99""}","{""value"":{""root"":{""children"":[{""id"":""cl-hO7bOXaERd"",""type"":""Line"",""style"":""Paragraph"",""children"":[{""text"":""\n""}],""alignment"":""Left"",""lineLevel"":0}]},""type"":""slate""}}","{""value"":{""name"":""\n"",""type"":""ref"",""rowId"":""i-axeX1kgXPQ"",""targetTableId"":""grid-9b_wKenBYU-select-list-c-90gqdBnx5b""}}","{""value"":"".""}","{""value"":""3,940,200""}","{""value"":""999,900""}","{""value"":""29701""}","{""value"":""19,523,988""}","{""value"":""666,700""}","{""value"":""171,700""}","{""value"":""5,050""}","i-Jy-a_U0oLL","{""value"":""3,283,699""}","{""value"":""98,012""}","{""value"":""100""}"
"{""value"":""100""}","{""value"":{""root"":{""children"":[{""id"":""cl-Xmg6UeAQvA"",""type"":""Line"",""style"":""Paragraph"",""children"":[{""text"":""\n""}],""alignment"":""Left"",""lineLevel"":0}]},""type"":""slate""}}","{""value"":{""name"":""\n"",""type"":""ref"",""rowId"":""i-axeX1kgXPQ"",""targetTableId"":""grid-9b_wKenBYU-select-list-c-90gqdBnx5b""}}","{""value"":""<""}","{""value"":""4,060,200""}","{""value"":""1,030,200""}","{""value"":""30301""}","{""value"":""20,120,400""}","{""value"":""686,901""}","{""value"":""176,851""}","{""value"":""5,151""}","i-lZGGfC6i5c","{""value"":""3,383,701""}","{""value"":""100,002""}","{""value"":""101""}"
"{""value"":""101""}","{""value"":{""root"":{""children"":[{""id"":""cl-x8Jy5Hoos1"",""type"":""Line"",""style"":""Paragraph"",""children"":[{""text"":""\n""}],""alignment"":""Left"",""lineLevel"":0}]},""type"":""slate""}}","{""value"":{""name"":""\n"",""type"":""ref"",""rowId"":""i-axeX1kgXPQ"",""targetTableId"":""grid-9b_wKenBYU-select-list-c-90gqdBnx5b""}}","{""value"":"">""}","{""value"":""4,182,612""}","{""value"":""1,061,106""}","{""value"":""30907""}","{""value"":""20,728,836""}","{""value"":""707,506""}","{""value"":""182,104""}","{""value"":""5,253""}","i-5gcYcGjZMV","{""value"":""3,485,713""}","{""value"":""102,012""}","{""value"":""102""}"
"{""value"":""102""}","{""value"":{""root"":{""children"":[{""id"":""cl-qt4AcJuwC-"",""type"":""Line"",""style"":""Paragraph"",""children"":[{""text"":""\n""}],""alignment"":""Left"",""lineLevel"":0}]},""type"":""slate""}}","{""value"":{""name"":""\n"",""type"":""ref"",""rowId"":""i-axeX1kgXPQ"",""targetTableId"":""grid-9b_wKenBYU-select-list-c-90gqdBnx5b""}}","{""value"":"".""}","{""value"":""4,307,460""}","{""value"":""1,092,624""}","{""value"":""31519""}","{""value"":""21,349,416""}","{""value"":""728,519""}","{""value"":""187,460""}","{""value"":""5,356""}","i-qmFCdQFltU","{""value"":""3,589,755""}","{""value"":""104,042""}","{""value"":""103""}"
"{""value"":""103""}","{""value"":{""root"":{""children"":[{""id"":""cl-5hb5TKhjgh"",""type"":""Line"",""style"":""Paragraph"",""children"":[{""text"":""\n""}],""alignment"":""Left"",""lineLevel"":0}]},""type"":""slate""}}","{""value"":{""name"":""\n"",""type"":""ref"",""rowId"":""i-axeX1kgXPQ"",""targetTableId"":""grid-9b_wKenBYU-select-list-c-90gqdBnx5b""}}","{""value"":""<""}","{""value"":""4,434,768""}","{""value"":""1,124,760""}","{""value"":""32137""}","{""value"":""21,982,260""}","{""value"":""749,944""}","{""value"":""192,920""}","{""value"":""5,460""}","i-C735C8e_yJ","{""value"":""3,695,847""}","{""value"":""106,092""}","{""value"":""104""}"
"{""value"":""104""}","{""value"":{""root"":{""children"":[{""id"":""cl-f6kSbNPdXn"",""type"":""Line"",""style"":""Paragraph"",""children"":[{""text"":""\n""}],""alignment"":""Left"",""lineLevel"":0}]},""type"":""slate""}}","{""value"":{""name"":""\n"",""type"":""ref"",""rowId"":""i-axeX1kgXPQ"",""targetTableId"":""grid-9b_wKenBYU-select-list-c-90gqdBnx5b""}}","{""value"":"">""}","{""value"":""4,564,560""}","{""value"":""1,157,520""}","{""value"":""32761""}","{""value"":""22,627,488""}","{""value"":""771,785""}","{""value"":""198,485""}","{""value"":""5,565""}","i-7vNTwdqVdF","{""value"":""3,804,009""}","{""value"":""108,162""}","{""value"":""105""}"
"{""value"":""105""}","{""value"":{""root"":{""children"":[{""id"":""cl-MqIj2pqZEh"",""type"":""Line"",""style"":""Paragraph"",""children"":[{""text"":""\n""}],""alignment"":""Left"",""lineLevel"":0}]},""type"":""slate""}}","{""value"":{""name"":""\n"",""type"":""ref"",""rowId"":""i-axeX1kgXPQ"",""targetTableId"":""grid-9b_wKenBYU-select-list-c-90gqdBnx5b""}}","{""value"":"".""}","{""value"":""4,696,860""}","{""value"":""1,190,910""}","{""value"":""33391""}","{""value"":""23,285,220""}","{""value"":""794,046""}","{""value"":""204,156""}","{""value"":""5,671""}","i-nf1UVwiZsu","{""value"":""3,914,261""}","{""value"":""110,252""}","{""value"":""106""}"
"{""value"":""106""}","{""value"":{""root"":{""children"":[{""id"":""cl-80feftSwoX"",""type"":""Line"",""style"":""Paragraph"",""children"":[{""text"":""\n""}],""alignment"":""Left"",""lineLevel"":0}]},""type"":""slate""}}","{""value"":{""name"":""\n"",""type"":""ref"",""rowId"":""i-axeX1kgXPQ"",""targetTableId"":""grid-9b_wKenBYU-select-list-c-90gqdBnx5b""}}","{""value"":""<""}","{""value"":""4,831,692""}","{""value"":""1,224,936""}","{""value"":""34027""}","{""value"":""23,955,576""}","{""value"":""816,731""}","{""value"":""209,934""}","{""value"":""5,778""}","i-R9I-AA35le","{""value"":""4,026,623""}","{""value"":""112,362""}","{""value"":""107""}"
"{""value"":""107""}","{""value"":{""root"":{""children"":[{""id"":""cl--MhWjs1lco"",""type"":""Line"",""style"":""Paragraph"",""children"":[{""text"":""\n""}],""alignment"":""Left"",""lineLevel"":0}]},""type"":""slate""}}","{""value"":{""name"":""\n"",""type"":""ref"",""rowId"":""i-axeX1kgXPQ"",""targetTableId"":""grid-9b_wKenBYU-select-list-c-90gqdBnx5b""}}","{""value"":"">""}","{""value"":""4,969,080""}","{""value"":""1,259,604""}","{""value"":""34669""}","{""value"":""24,638,676""}","{""value"":""839,844""}","{""value"":""215,820""}","{""value"":""5,886""}","i-_dg53kbr0k","{""value"":""4,141,115""}","{""value"":""114,492""}","{""value"":""108""}"
"{""value"":""108""}","{""value"":{""root"":{""children"":[{""id"":""cl-cCWwZLXDwa"",""type"":""Line"",""style"":""Paragraph"",""children"":[{""text"":""\n""}],""alignment"":""Left"",""lineLevel"":0}]},""type"":""slate""}}","{""value"":{""name"":""\n"",""type"":""ref"",""rowId"":""i-axeX1kgXPQ"",""targetTableId"":""grid-9b_wKenBYU-select-list-c-90gqdBnx5b""}}","{""value"":"".""}","{""value"":""5,109,048""}","{""value"":""1,294,920""}","{""value"":""35317""}","{""value"":""25,334,640""}","{""value"":""863,389""}","{""value"":""221,815""}","{""value"":""5,995""}","i-q2vwE0479G","{""value"":""4,257,757""}","{""value"":""116,642""}","{""value"":""109""}"
"{""value"":""109""}","{""value"":{""root"":{""children"":[{""id"":""cl-0zt5dt-oU3"",""type"":""Line"",""style"":""Paragraph"",""children"":[{""text"":""\n""}],""alignment"":""Left"",""lineLevel"":0}]},""type"":""slate""}}","{""value"":{""name"":""\n"",""type"":""ref"",""rowId"":""i-axeX1kgXPQ"",""targetTableId"":""grid-9b_wKenBYU-select-list-c-90gqdBnx5b""}}","{""value"":""<""}","{""value"":""5,251,620""}","{""value"":""1,330,890""}","{""value"":""35971""}","{""value"":""26,043,588""}","{""value"":""887,370""}","{""value"":""227,920""}","{""value"":""6,105""}","i-sh7K5_nKtK","{""value"":""4,376,569""}","{""value"":""118,812""}","{""value"":""110""}"
"{""value"":""110""}","{""value"":{""root"":{""children"":[{""id"":""cl-CV5_HUkuLc"",""type"":""Line"",""style"":""Paragraph"",""children"":[{""text"":""\n""}],""alignment"":""Left"",""lineLevel"":0}]},""type"":""slate""}}","{""value"":{""name"":""\n"",""type"":""ref"",""rowId"":""i-axeX1kgXPQ"",""targetTableId"":""grid-9b_wKenBYU-select-list-c-90gqdBnx5b""}}","{""value"":"">""}","{""value"":""5,396,820""}","{""value"":""1,367,520""}","{""value"":""36631""}","{""value"":""26,765,640""}","{""value"":""911,791""}","{""value"":""234,136""}","{""value"":""6,216""}","i-l8VWZ1WXUr","{""value"":""4,497,571""}","{""value"":""121,002""}","{""value"":""111""}"
"{""value"":""111""}","{""value"":{""root"":{""children"":[{""id"":""cl-CoilRB0CEj"",""type"":""Line"",""style"":""Paragraph"",""children"":[{""text"":""\n""}],""alignment"":""Left"",""lineLevel"":0}]},""type"":""slate""}}","{""value"":{""name"":""\n"",""type"":""ref"",""rowId"":""i-axeX1kgXPQ"",""targetTableId"":""grid-9b_wKenBYU-select-list-c-90gqdBnx5b""}}","{""value"":"".""}","{""value"":""5,544,672""}","{""value"":""1,404,816""}","{""value"":""37297""}","{""value"":""27,500,916""}","{""value"":""936,656""}","{""value"":""240,464""}","{""value"":""6,328""}","i-qymL0oBRvX","{""value"":""4,620,783""}","{""value"":""123,212""}","{""value"":""112""}"
"{""value"":""112""}","{""value"":{""root"":{""children"":[{""id"":""cl-mnt6y6qUz-"",""type"":""Line"",""style"":""Paragraph"",""children"":[{""text"":""\n""}],""alignment"":""Left"",""lineLevel"":0}]},""type"":""slate""}}","{""value"":{""name"":""\n"",""type"":""ref"",""rowId"":""i-axeX1kgXPQ"",""targetTableId"":""grid-9b_wKenBYU-select-list-c-90gqdBnx5b""}}","{""value"":""<""}","{""value"":""5,695,200""}","{""value"":""1,442,784""}","{""value"":""37969""}","{""value"":""28,249,536""}","{""value"":""961,969""}","{""value"":""246,905""}","{""value"":""6,441""}","i-8njrv-58GK","{""value"":""4,746,225""}","{""value"":""125,442""}","{""value"":""113""}"
"{""value"":""113""}","{""value"":{""root"":{""children"":[{""id"":""cl-Biar8cdhbK"",""type"":""Line"",""style"":""Paragraph"",""children"":[{""text"":""\n""}],""alignment"":""Left"",""lineLevel"":0}]},""type"":""slate""}}","{""value"":{""name"":""\n"",""type"":""ref"",""rowId"":""i-axeX1kgXPQ"",""targetTableId"":""grid-9b_wKenBYU-select-list-c-90gqdBnx5b""}}","{""value"":"">""}","{""value"":""5,848,428""}","{""value"":""1,481,430""}","{""value"":""38647""}","{""value"":""29,011,620""}","{""value"":""987,734""}","{""value"":""253,460""}","{""value"":""6,555""}","i-ZA1eox6Fla","{""value"":""4,873,917""}","{""value"":""127,692""}","{""value"":""114""}"
"{""value"":""114""}","{""value"":{""root"":{""children"":[{""id"":""cl-4q038BvnQp"",""type"":""Line"",""style"":""Paragraph"",""children"":[{""text"":""\n""}],""alignment"":""Left"",""lineLevel"":0}]},""type"":""slate""}}","{""value"":{""name"":""\n"",""type"":""ref"",""rowId"":""i-axeX1kgXPQ"",""targetTableId"":""grid-9b_wKenBYU-select-list-c-90gqdBnx5b""}}","{""value"":"".""}","{""value"":""6,004,380""}","{""value"":""1,520,760""}","{""value"":""39331""}","{""value"":""29,787,288""}","{""value"":""1,013,955""}","{""value"":""260,130""}","{""value"":""6,670""}","i-eKkhHFX62Y","{""value"":""5,003,879""}","{""value"":""129,962""}","{""value"":""115""}"
"{""value"":""115""}","{""value"":{""root"":{""children"":[{""id"":""cl-2Eiu1HZB7T"",""type"":""Line"",""style"":""Paragraph"",""children"":[{""text"":""\n""}],""alignment"":""Left"",""lineLevel"":0}]},""type"":""slate""}}","{""value"":{""name"":""\n"",""type"":""ref"",""rowId"":""i-axeX1kgXPQ"",""targetTableId"":""grid-9b_wKenBYU-select-list-c-90gqdBnx5b""}}","{""value"":""<""}","{""value"":""6,163,080""}","{""value"":""1,560,780""}","{""value"":""40021""}","{""value"":""30,576,660""}","{""value"":""1,040,636""}","{""value"":""266,916""}","{""value"":""6,786""}","i--DPrnjkV3H","{""value"":""5,136,131""}","{""value"":""132,252""}","{""value"":""116""}"
"{""value"":""116""}","{""value"":{""root"":{""children"":[{""id"":""cl-adXwdvW-KI"",""type"":""Line"",""style"":""Paragraph"",""children"":[{""text"":""\n""}],""alignment"":""Left"",""lineLevel"":0}]},""type"":""slate""}}","{""value"":{""name"":""\n"",""type"":""ref"",""rowId"":""i-axeX1kgXPQ"",""targetTableId"":""grid-9b_wKenBYU-select-list-c-90gqdBnx5b""}}","{""value"":"">""}","{""value"":""6,324,552""}","{""value"":""1,601,496""}","{""value"":""40717""}","{""value"":""31,379,856""}","{""value"":""1,067,781""}","{""value"":""273,819""}","{""value"":""6,903""}","i-Wk-MTlFgF6","{""value"":""5,270,693""}","{""value"":""134,562""}","{""value"":""117""}"
"{""value"":""117""}","{""value"":{""root"":{""children"":[{""id"":""cl-R5cOGBCp-P"",""type"":""Line"",""style"":""Paragraph"",""children"":[{""text"":""\n""}],""alignment"":""Left"",""lineLevel"":0}]},""type"":""slate""}}","{""value"":{""name"":""\n"",""type"":""ref"",""rowId"":""i-axeX1kgXPQ"",""targetTableId"":""grid-9b_wKenBYU-select-list-c-90gqdBnx5b""}}","{""value"":"".""}","{""value"":""6,488,820""}","{""value"":""1,642,914""}","{""value"":""41419""}","{""value"":""32,196,996""}","{""value"":""1,095,394""}","{""value"":""280,840""}","{""value"":""7,021""}","i-uFrtmNWxHw","{""value"":""5,407,585""}","{""value"":""136,892""}","{""value"":""118""}"
"{""value"":""118""}","{""value"":{""root"":{""children"":[{""id"":""cl-MZlXcfXr9B"",""type"":""Line"",""style"":""Paragraph"",""children"":[{""text"":""\n""}],""alignment"":""Left"",""lineLevel"":0}]},""type"":""slate""}}","{""value"":{""name"":""\n"",""type"":""ref"",""rowId"":""i-axeX1kgXPQ"",""targetTableId"":""grid-9b_wKenBYU-select-list-c-90gqdBnx5b""}}","{""value"":""<""}","{""value"":""6,655,908""}","{""value"":""1,685,040""}","{""value"":""42127""}","{""value"":""33,028,200""}","{""value"":""1,123,479""}","{""value"":""287,980""}","{""value"":""7,140""}","i-l0B3JF3KYW","{""value"":""5,546,827""}","{""value"":""139,242""}","{""value"":""119""}"
"{""value"":""119""}","{""value"":{""root"":{""children"":[{""id"":""cl-DyQT_kxQIe"",""type"":""Line"",""style"":""Paragraph"",""children"":[{""text"":""\n""}],""alignment"":""Left"",""lineLevel"":0}]},""type"":""slate""}}","{""value"":{""name"":""\n"",""type"":""ref"",""rowId"":""i-axeX1kgXPQ"",""targetTableId"":""grid-9b_wKenBYU-select-list-c-90gqdBnx5b""}}","{""value"":"">""}","{""value"":""6,825,840""}","{""value"":""1,727,880""}","{""value"":""42841""}","{""value"":""33,873,588""}","{""value"":""1,152,040""}","{""value"":""295,240""}","{""value"":""7,260""}","i-4hm25PAiL4","{""value"":""5,688,439""}","{""value"":""141,612""}","{""value"":""120""}"
"{""value"":""120""}","{""value"":{""root"":{""children"":[{""id"":""cl-57yqCBwqvJ"",""type"":""Line"",""style"":""Paragraph"",""children"":[{""text"":""\n""}],""alignment"":""Left"",""lineLevel"":0}]},""type"":""slate""}}","{""value"":{""name"":""\n"",""type"":""ref"",""rowId"":""i-axeX1kgXPQ"",""targetTableId"":""grid-9b_wKenBYU-select-list-c-90gqdBnx5b""}}","{""value"":"".""}","{""value"":""6,998,640""}","{""value"":""1,771,440""}","{""value"":""43561""}","{""value"":""34,733,280""}","{""value"":""1,181,081""}","{""value"":""302,621""}","{""value"":""7,381""}","i-_RVq9cshLK","{""value"":""5,832,441""}","{""value"":""144,002""}","{""value"":""121""}"
"{""value"":""121""}","{""value"":{""root"":{""children"":[{""id"":""cl-_h7gD9qcgY"",""type"":""Line"",""style"":""Paragraph"",""children"":[{""text"":""\n""}],""alignment"":""Left"",""lineLevel"":0}]},""type"":""slate""}}","{""value"":{""name"":""\n"",""type"":""ref"",""rowId"":""i-axeX1kgXPQ"",""targetTableId"":""grid-9b_wKenBYU-select-list-c-90gqdBnx5b""}}","{""value"":""<""}","{""value"":""7,174,332""}","{""value"":""1,815,726""}","{""value"":""44287""}","{""value"":""35,607,396""}","{""value"":""1,210,606""}","{""value"":""310,124""}","{""value"":""7,503""}","i-B3bsSMkIjv","{""value"":""5,978,853""}","{""value"":""146,412""}","{""value"":""122""}"
"{""value"":""122""}","{""value"":{""root"":{""children"":[{""id"":""cl-eTyZcXFkE6"",""type"":""Line"",""style"":""Paragraph"",""children"":[{""text"":""\n""}],""alignment"":""Left"",""lineLevel"":0}]},""type"":""slate""}}","{""value"":{""name"":""\n"",""type"":""ref"",""rowId"":""i-axeX1kgXPQ"",""targetTableId"":""grid-9b_wKenBYU-select-list-c-90gqdBnx5b""}}","{""value"":"">""}","{""value"":""7,352,940""}","{""value"":""1,860,744""}","{""value"":""45019""}","{""value"":""36,496,056""}","{""value"":""1,240,619""}","{""value"":""317,750""}","{""value"":""7,626""}","i-9E97ENqxl1","{""value"":""6,127,695""}","{""value"":""148,842""}","{""value"":""123""}"
"{""value"":""123""}","{""value"":{""root"":{""children"":[{""id"":""cl-3ozhA9ckLY"",""type"":""Line"",""style"":""Paragraph"",""children"":[{""text"":""\n""}],""alignment"":""Left"",""lineLevel"":0}]},""type"":""slate""}}","{""value"":{""name"":""\n"",""type"":""ref"",""rowId"":""i-axeX1kgXPQ"",""targetTableId"":""grid-9b_wKenBYU-select-list-c-90gqdBnx5b""}}","{""value"":"".""}","{""value"":""7,534,488""}","{""value"":""1,906,500""}","{""value"":""45757""}","{""value"":""37,399,380""}","{""value"":""1,271,124""}","{""value"":""325,500""}","{""value"":""7,750""}","i-wSNazW6B8S","{""value"":""6,278,987""}","{""value"":""151,292""}","{""value"":""124""}"
"{""value"":""124""}","{""value"":{""root"":{""children"":[{""id"":""cl-Fs4hAhJ9YC"",""type"":""Line"",""style"":""Paragraph"",""children"":[{""text"":""\n""}],""alignment"":""Left"",""lineLevel"":0}]},""type"":""slate""}}","{""value"":{""name"":""\n"",""type"":""ref"",""rowId"":""i-axeX1kgXPQ"",""targetTableId"":""grid-9b_wKenBYU-select-list-c-90gqdBnx5b""}}","{""value"":""<""}","{""value"":""7,719,000""}","{""value"":""1,953,000""}","{""value"":""46501""}","{""value"":""38,317,488""}","{""value"":""1,302,125""}","{""value"":""333,375""}","{""value"":""7,875""}","i-kKpNvO12Xn","{""value"":""6,432,749""}","{""value"":""153,762""}","{""value"":""125""}"
"{""value"":""125""}","{""value"":{""root"":{""children"":[{""id"":""cl-pMg1SEhBSE"",""type"":""Line"",""style"":""Paragraph"",""children"":[{""text"":""\n""}],""alignment"":""Left"",""lineLevel"":0}]},""type"":""slate""}}","{""value"":{""name"":""\n"",""type"":""ref"",""rowId"":""i-axeX1kgXPQ"",""targetTableId"":""grid-9b_wKenBYU-select-list-c-90gqdBnx5b""}}","{""value"":"">""}","{""value"":""7,906,500""}","{""value"":""2,000,250""}","{""value"":""47251""}","{""value"":""39,250,500""}","{""value"":""1,333,626""}","{""value"":""341,376""}","{""value"":""8,001""}","i-8TUqXVqCVW","{""value"":""6,589,001""}","{""value"":""156,252""}","{""value"":""126""}"
"{""value"":""126""}","{""value"":{""root"":{""children"":[{""id"":""cl-NuwXrQ1MJe"",""type"":""Line"",""style"":""Paragraph"",""children"":[{""text"":""\n""}],""alignment"":""Left"",""lineLevel"":0}]},""type"":""slate""}}","{""value"":{""name"":""\n"",""type"":""ref"",""rowId"":""i-axeX1kgXPQ"",""targetTableId"":""grid-9b_wKenBYU-select-list-c-90gqdBnx5b""}}","{""value"":"".""}","{""value"":""8,097,012""}","{""value"":""2,048,256""}","{""value"":""48007""}","{""value"":""40,198,536""}","{""value"":""1,365,631""}","{""value"":""349,504""}","{""value"":""8,128""}","i-uY7bycODF3","{""value"":""6,747,763""}","{""value"":""158,762""}","{""value"":""127""}"
"{""value"":""127""}","{""value"":{""root"":{""children"":[{""id"":""cl-gC7x7VjHUs"",""type"":""Line"",""style"":""Paragraph"",""children"":[{""text"":""\n""}],""alignment"":""Left"",""lineLevel"":0}]},""type"":""slate""}}","{""value"":{""name"":""\n"",""type"":""ref"",""rowId"":""i-axeX1kgXPQ"",""targetTableId"":""grid-9b_wKenBYU-select-list-c-90gqdBnx5b""}}","{""value"":""<""}","{""value"":""8,290,560""}","{""value"":""2,097,024""}","{""value"":""48769""}","{""value"":""41,161,716""}","{""value"":""1,398,144""}","{""value"":""357,760""}","{""value"":""8,256""}","i-oV5yvbB65n","{""value"":""6,909,055""}","{""value"":""161,292""}","{""value"":""128""}"
"{""value"":""128""}","{""value"":{""root"":{""children"":[{""id"":""cl-l9Iu5armVh"",""type"":""Line"",""style"":""Paragraph"",""children"":[{""text"":""\n""}],""alignment"":""Left"",""lineLevel"":0}]},""type"":""slate""}}","{""value"":{""name"":""\n"",""type"":""ref"",""rowId"":""i-axeX1kgXPQ"",""targetTableId"":""grid-9b_wKenBYU-select-list-c-90gqdBnx5b""}}","{""value"":"">""}","{""value"":""8,487,168""}","{""value"":""2,146,560""}","{""value"":""49537""}","{""value"":""42,140,160""}","{""value"":""1,431,169""}","{""value"":""366,145""}","{""value"":""8,385""}","i-w5IFk6Q5VJ","{""value"":""7,072,897""}","{""value"":""163,842""}","{""value"":""129""}"
"{""value"":""129""}","{""value"":{""root"":{""children"":[{""id"":""cl-KuZ49_qyFU"",""type"":""Line"",""style"":""Paragraph"",""children"":[{""text"":""\n""}],""alignment"":""Left"",""lineLevel"":0}]},""type"":""slate""}}","{""value"":{""name"":""\n"",""type"":""ref"",""rowId"":""i-axeX1kgXPQ"",""targetTableId"":""grid-9b_wKenBYU-select-list-c-90gqdBnx5b""}}","{""value"":"".""}","{""value"":""8,686,860""}","{""value"":""2,196,870""}","{""value"":""50311""}","{""value"":""43,133,988""}","{""value"":""1,464,710""}","{""value"":""374,660""}","{""value"":""8,515""}","i-4OSsTxLfSE","{""value"":""7,239,309""}","{""value"":""166,412""}","{""value"":""130""}"
"{""value"":""130""}","{""value"":{""root"":{""children"":[{""id"":""cl-UHhIoBC7tH"",""type"":""Line"",""style"":""Paragraph"",""children"":[{""text"":""\n""}],""alignment"":""Left"",""lineLevel"":0}]},""type"":""slate""}}","{""value"":{""name"":""\n"",""type"":""ref"",""rowId"":""i-axeX1kgXPQ"",""targetTableId"":""grid-9b_wKenBYU-select-list-c-90gqdBnx5b""}}","{""value"":""<""}","{""value"":""8,889,660""}","{""value"":""2,247,960""}","{""value"":""51091""}","{""value"":""44,143,320""}","{""value"":""1,498,771""}","{""value"":""383,306""}","{""value"":""8,646""}","i-H18TBU6Y_k","{""value"":""7,408,311""}","{""value"":""169,002""}","{""value"":""131""}"
"{""value"":""131""}","{""value"":{""root"":{""children"":[{""id"":""cl-MUmzqjfLU1"",""type"":""Line"",""style"":""Paragraph"",""children"":[{""text"":""\n""}],""alignment"":""Left"",""lineLevel"":0}]},""type"":""slate""}}","{""value"":{""name"":""\n"",""type"":""ref"",""rowId"":""i-axeX1kgXPQ"",""targetTableId"":""grid-9b_wKenBYU-select-list-c-90gqdBnx5b""}}","{""value"":"">""}","{""value"":""9,095,592""}","{""value"":""2,299,836""}","{""value"":""51877""}","{""value"":""45,168,276""}","{""value"":""1,533,356""}","{""value"":""392,084""}","{""value"":""8,778""}","i-m7hm3JQnDB","{""value"":""7,579,923""}","{""value"":""171,612""}","{""value"":""132""}"
"{""value"":""132""}","{""value"":{""root"":{""children"":[{""id"":""cl-L_oJoG1dKs"",""type"":""Line"",""style"":""Paragraph"",""children"":[{""text"":""\n""}],""alignment"":""Left"",""lineLevel"":0}]},""type"":""slate""}}","{""value"":{""name"":""\n"",""type"":""ref"",""rowId"":""i-axeX1kgXPQ"",""targetTableId"":""grid-9b_wKenBYU-select-list-c-90gqdBnx5b""}}","{""value"":"".""}","{""value"":""9,304,680""}","{""value"":""2,352,504""}","{""value"":""52669""}","{""value"":""46,208,976""}","{""value"":""1,568,469""}","{""value"":""400,995""}","{""value"":""8,911""}","i-f_bsmRgVWn","{""value"":""7,754,165""}","{""value"":""174,242""}","{""value"":""133""}"
"{""value"":""133""}","{""value"":{""root"":{""children"":[{""id"":""cl-3xDWGkdhzT"",""type"":""Line"",""style"":""Paragraph"",""children"":[{""text"":""\n""}],""alignment"":""Left"",""lineLevel"":0}]},""type"":""slate""}}","{""value"":{""name"":""\n"",""type"":""ref"",""rowId"":""i-axeX1kgXPQ"",""targetTableId"":""grid-9b_wKenBYU-select-list-c-90gqdBnx5b""}}","{""value"":""<""}","{""value"":""9,516,948""}","{""value"":""2,405,970""}","{""value"":""53467""}","{""value"":""47,265,540""}","{""value"":""1,604,114""}","{""value"":""410,040""}","{""value"":""9,045""}","i-elCnX8qlD6","{""value"":""7,931,057""}","{""value"":""176,892""}","{""value"":""134""}"
"{""value"":""134""}","{""value"":{""root"":{""children"":[{""id"":""cl-GBO1kxtT0N"",""type"":""Line"",""style"":""Paragraph"",""children"":[{""text"":""\n""}],""alignment"":""Left"",""lineLevel"":0}]},""type"":""slate""}}","{""value"":{""name"":""\n"",""type"":""ref"",""rowId"":""i-axeX1kgXPQ"",""targetTableId"":""grid-9b_wKenBYU-select-list-c-90gqdBnx5b""}}","{""value"":"">""}","{""value"":""9,732,420""}","{""value"":""2,460,240""}","{""value"":""54271""}","{""value"":""48,338,088""}","{""value"":""1,640,295""}","{""value"":""419,220""}","{""value"":""9,180""}","i-leGujF0tBd","{""value"":""8,110,619""}","{""value"":""179,562""}","{""value"":""135""}"
"{""value"":""135""}","{""value"":{""root"":{""children"":[{""id"":""cl-0KcBWgs4ki"",""type"":""Line"",""style"":""Paragraph"",""children"":[{""text"":""\n""}],""alignment"":""Left"",""lineLevel"":0}]},""type"":""slate""}}","{""value"":{""name"":""\n"",""type"":""ref"",""rowId"":""i-axeX1kgXPQ"",""targetTableId"":""grid-9b_wKenBYU-select-list-c-90gqdBnx5b""}}","{""value"":"".""}","{""value"":""9,951,120""}","{""value"":""2,515,320""}","{""value"":""55081""}","{""value"":""49,426,740""}","{""value"":""1,677,016""}","{""value"":""428,536""}","{""value"":""9,316""}","i-VWCo2EjZ0w","{""value"":""8,292,871""}","{""value"":""182,252""}","{""value"":""136""}"
"{""value"":""136""}","{""value"":{""root"":{""children"":[{""id"":""cl-0jq7ovT3bo"",""type"":""Line"",""style"":""Paragraph"",""children"":[{""text"":""\n""}],""alignment"":""Left"",""lineLevel"":0}]},""type"":""slate""}}","{""value"":{""name"":""\n"",""type"":""ref"",""rowId"":""i-axeX1kgXPQ"",""targetTableId"":""grid-9b_wKenBYU-select-list-c-90gqdBnx5b""}}","{""value"":""<""}","{""value"":""10,173,072""}","{""value"":""2,571,216""}","{""value"":""55897""}","{""value"":""50,531,616""}","{""value"":""1,714,281""}","{""value"":""437,989""}","{""value"":""9,453""}","i-IpW_Z8giZp","{""value"":""8,477,833""}","{""value"":""184,962""}","{""value"":""137""}"
"{""value"":""137""}","{""value"":{""root"":{""children"":[{""id"":""cl-smyMP03NNf"",""type"":""Line"",""style"":""Paragraph"",""children"":[{""text"":""\n""}],""alignment"":""Left"",""lineLevel"":0}]},""type"":""slate""}}","{""value"":{""name"":""\n"",""type"":""ref"",""rowId"":""i-axeX1kgXPQ"",""targetTableId"":""grid-9b_wKenBYU-select-list-c-90gqdBnx5b""}}","{""value"":"">""}","{""value"":""10,398,300""}","{""value"":""2,627,934""}","{""value"":""56719""}","{""value"":""51,652,836""}","{""value"":""1,752,094""}","{""value"":""447,580""}","{""value"":""9,591""}","i-pyUwC4yENQ","{""value"":""8,665,525""}","{""value"":""187,692""}","{""value"":""138""}"
"{""value"":""138""}","{""value"":{""root"":{""children"":[{""id"":""cl-YXJBsYA1CG"",""type"":""Line"",""style"":""Paragraph"",""children"":[{""text"":""\n""}],""alignment"":""Left"",""lineLevel"":0}]},""type"":""slate""}}","{""value"":{""name"":""\n"",""type"":""ref"",""rowId"":""i-axeX1kgXPQ"",""targetTableId"":""grid-9b_wKenBYU-select-list-c-90gqdBnx5b""}}","{""value"":"".""}","{""value"":""10,626,828""}","{""value"":""2,685,480""}","{""value"":""57547""}","{""value"":""52,790,520""}","{""value"":""1,790,459""}","{""value"":""457,310""}","{""value"":""9,730""}","i-fQe9ws0mnu","{""value"":""8,855,967""}","{""value"":""190,442""}","{""value"":""139""}"
"{""value"":""139""}","{""value"":{""root"":{""children"":[{""id"":""cl-2cFdDT-X8l"",""type"":""Line"",""style"":""Paragraph"",""children"":[{""text"":""\n""}],""alignment"":""Left"",""lineLevel"":0}]},""type"":""slate""}}","{""value"":{""name"":""\n"",""type"":""ref"",""rowId"":""i-axeX1kgXPQ"",""targetTableId"":""grid-9b_wKenBYU-select-list-c-90gqdBnx5b""}}","{""value"":""<""}","{""value"":""10,858,680""}","{""value"":""2,743,860""}","{""value"":""58381""}","{""value"":""53,944,788""}","{""value"":""1,829,380""}","{""value"":""467,180""}","{""value"":""9,870""}","i-OoPVylCugb","{""value"":""9,049,179""}","{""value"":""193,212""}","{""value"":""140""}"
"{""value"":""140""}","{""value"":{""root"":{""children"":[{""id"":""cl-n_XMTAT28L"",""type"":""Line"",""style"":""Paragraph"",""children"":[{""text"":""\n""}],""alignment"":""Left"",""lineLevel"":0}]},""type"":""slate""}}","{""value"":{""name"":""\n"",""type"":""ref"",""rowId"":""i-axeX1kgXPQ"",""targetTableId"":""grid-9b_wKenBYU-select-list-c-90gqdBnx5b""}}","{""value"":"">""}","{""value"":""11,093,880""}","{""value"":""2,803,080""}","{""value"":""59221""}","{""value"":""55,115,760""}","{""value"":""1,868,861""}","{""value"":""477,191""}","{""value"":""10,011""}","i-Lr-mPVzAPD","{""value"":""9,245,181""}","{""value"":""196,002""}","{""value"":""141""}"
"{""value"":""141""}","{""value"":{""root"":{""children"":[{""id"":""cl-xULa-hRief"",""type"":""Line"",""style"":""Paragraph"",""children"":[{""text"":""\n""}],""alignment"":""Left"",""lineLevel"":0}]},""type"":""slate""}}","{""value"":{""name"":""\n"",""type"":""ref"",""rowId"":""i-axeX1kgXPQ"",""targetTableId"":""grid-9b_wKenBYU-select-list-c-90gqdBnx5b""}}","{""value"":"".""}","{""value"":""11,332,452""}","{""value"":""2,863,146""}","{""value"":""60067""}","{""value"":""56,303,556""}","{""value"":""1,908,906""}","{""value"":""487,344""}","{""value"":""10,153""}","i-NIBrHQnQqc","{""value"":""9,443,993""}","{""value"":""198,812""}","{""value"":""142""}"
"{""value"":""142""}","{""value"":{""root"":{""children"":[{""id"":""cl-uDAqVelL4d"",""type"":""Line"",""style"":""Paragraph"",""children"":[{""text"":""\n""}],""alignment"":""Left"",""lineLevel"":0}]},""type"":""slate""}}","{""value"":{""name"":""\n"",""type"":""ref"",""rowId"":""i-axeX1kgXPQ"",""targetTableId"":""grid-9b_wKenBYU-select-list-c-90gqdBnx5b""}}","{""value"":""<""}","{""value"":""11,574,420""}","{""value"":""2,924,064""}","{""value"":""60919""}","{""value"":""57,508,296""}","{""value"":""1,949,519""}","{""value"":""497,640""}","{""value"":""10,296""}","i-kYAwhCZ5L6","{""value"":""9,645,635""}","{""value"":""201,642""}","{""value"":""143""}"
"{""value"":""143""}","{""value"":{""root"":{""children"":[{""id"":""cl-rt-IykyVJV"",""type"":""Line"",""style"":""Paragraph"",""children"":[{""text"":""\n""}],""alignment"":""Left"",""lineLevel"":0}]},""type"":""slate""}}","{""value"":{""name"":""\n"",""type"":""ref"",""rowId"":""i-axeX1kgXPQ"",""targetTableId"":""grid-9b_wKenBYU-select-list-c-90gqdBnx5b""}}","{""value"":"">""}","{""value"":""11,819,808""}","{""value"":""2,985,840""}","{""value"":""61777""}","{""value"":""58,730,100""}","{""value"":""1,990,704""}","{""value"":""508,080""}","{""value"":""10,440""}","i-krWK_vsDer","{""value"":""9,850,127""}","{""value"":""204,492""}","{""value"":""144""}"
"{""value"":""144""}","{""value"":{""root"":{""children"":[{""id"":""cl-fDTm3k3DCx"",""type"":""Line"",""style"":""Paragraph"",""children"":[{""text"":""\n""}],""alignment"":""Left"",""lineLevel"":0}]},""type"":""slate""}}","{""value"":{""name"":""\n"",""type"":""ref"",""rowId"":""i-axeX1kgXPQ"",""targetTableId"":""grid-9b_wKenBYU-select-list-c-90gqdBnx5b""}}","{""value"":"".""}","{""value"":""12,068,640""}","{""value"":""3,048,480""}","{""value"":""62641""}","{""value"":""59,969,088""}","{""value"":""2,032,465""}","{""value"":""518,665""}","{""value"":""10,585""}","i-dKe2HUKFrN","{""value"":""10,057,489""}","{""value"":""207,362""}","{""value"":""145""}"
"{""value"":""145""}","{""value"":{""root"":{""children"":[{""id"":""cl-nDVVXll54n"",""type"":""Line"",""style"":""Paragraph"",""children"":[{""text"":""\n""}],""alignment"":""Left"",""lineLevel"":0}]},""type"":""slate""}}","{""value"":{""name"":""\n"",""type"":""ref"",""rowId"":""i-axeX1kgXPQ"",""targetTableId"":""grid-9b_wKenBYU-select-list-c-90gqdBnx5b""}}","{""value"":""<""}","{""value"":""12,320,940""}","{""value"":""3,111,990""}","{""value"":""63511""}","{""value"":""61,225,380""}","{""value"":""2,074,806""}","{""value"":""529,396""}","{""value"":""10,731""}","i-_KG5Ji1H_3","{""value"":""10,267,741""}","{""value"":""210,252""}","{""value"":""146""}"
"{""value"":""146""}","{""value"":{""root"":{""children"":[{""id"":""cl-dq8YTPF1nS"",""type"":""Line"",""style"":""Paragraph"",""children"":[{""text"":""\n""}],""alignment"":""Left"",""lineLevel"":0}]},""type"":""slate""}}","{""value"":{""name"":""\n"",""type"":""ref"",""rowId"":""i-axeX1kgXPQ"",""targetTableId"":""grid-9b_wKenBYU-select-list-c-90gqdBnx5b""}}","{""value"":"">""}","{""value"":""12,576,732""}","{""value"":""3,176,376""}","{""value"":""64387""}","{""value"":""62,499,096""}","{""value"":""2,117,731""}","{""value"":""540,274""}","{""value"":""10,878""}","i-d9hwfoXKZ_","{""value"":""10,480,903""}","{""value"":""213,162""}","{""value"":""147""}"
"{""value"":""147""}","{""value"":{""root"":{""children"":[{""id"":""cl-QUpd4YEktT"",""type"":""Line"",""style"":""Paragraph"",""children"":[{""text"":""\n""}],""alignment"":""Left"",""lineLevel"":0}]},""type"":""slate""}}","{""value"":{""name"":""\n"",""type"":""ref"",""rowId"":""i-axeX1kgXPQ"",""targetTableId"":""grid-9b_wKenBYU-select-list-c-90gqdBnx5b""}}","{""value"":"".""}","{""value"":""12,836,040""}","{""value"":""3,241,644""}","{""value"":""65269""}","{""value"":""63,790,356""}","{""value"":""2,161,244""}","{""value"":""551,300""}","{""value"":""11,026""}","i-VP-jr7FBwh","{""value"":""10,696,995""}","{""value"":""216,092""}","{""value"":""148""}"
"{""value"":""148""}","{""value"":{""root"":{""children"":[{""id"":""cl-FW9s0cAEDc"",""type"":""Line"",""style"":""Paragraph"",""children"":[{""text"":""\n""}],""alignment"":""Left"",""lineLevel"":0}]},""type"":""slate""}}","{""value"":{""name"":""\n"",""type"":""ref"",""rowId"":""i-axeX1kgXPQ"",""targetTableId"":""grid-9b_wKenBYU-select-list-c-90gqdBnx5b""}}","{""value"":""<""}","{""value"":""13,098,888""}","{""value"":""3,307,800""}","{""value"":""66157""}","{""value"":""65,099,280""}","{""value"":""2,205,349""}","{""value"":""562,475""}","{""value"":""11,175""}","i-lrHbZgpGgr","{""value"":""10,916,037""}","{""value"":""219,042""}","{""value"":""149""}"
"{""value"":""149""}","{""value"":{""root"":{""children"":[{""id"":""cl-pyM3FfHHRh"",""type"":""Line"",""style"":""Paragraph"",""children"":[{""text"":""\n""}],""alignment"":""Left"",""lineLevel"":0}]},""type"":""slate""}}","{""value"":{""name"":""\n"",""type"":""ref"",""rowId"":""i-axeX1kgXPQ"",""targetTableId"":""grid-9b_wKenBYU-select-list-c-90gqdBnx5b""}}","{""value"":"">""}","{""value"":""13,365,300""}","{""value"":""3,374,850""}","{""value"":""67051""}","{""value"":""66,425,988""}","{""value"":""2,250,050""}","{""value"":""573,800""}","{""value"":""11,325""}","i-y9vTBcN1jf","{""value"":""11,138,049""}","{""value"":""222,012""}","{""value"":""150""}"
"{""value"":""150""}","{""value"":{""root"":{""children"":[{""id"":""cl-2O9bVmnpjV"",""type"":""Line"",""style"":""Paragraph"",""children"":[{""text"":""\n""}],""alignment"":""Left"",""lineLevel"":0}]},""type"":""slate""}}","{""value"":{""name"":""\n"",""type"":""ref"",""rowId"":""i-axeX1kgXPQ"",""targetTableId"":""grid-9b_wKenBYU-select-list-c-90gqdBnx5b""}}","{""value"":"".""}","{""value"":""13,635,300""}","{""value"":""3,442,800""}","{""value"":""67951""}","{""value"":""67,770,600""}","{""value"":""2,295,351""}","{""value"":""585,276""}","{""value"":""11,476""}","i-kpYqCwcr3V","{""value"":""11,363,051""}","{""value"":""225,002""}","{""value"":""151""}"
"{""value"":""151""}","{""value"":{""root"":{""children"":[{""id"":""cl-721JSW8hEC"",""type"":""Line"",""style"":""Paragraph"",""children"":[{""text"":""\n""}],""alignment"":""Left"",""lineLevel"":0}]},""type"":""slate""}}","{""value"":{""name"":""\n"",""type"":""ref"",""rowId"":""i-axeX1kgXPQ"",""targetTableId"":""grid-9b_wKenBYU-select-list-c-90gqdBnx5b""}}","{""value"":""<""}","{""value"":""13,908,912""}","{""value"":""3,511,656""}","{""value"":""68857""}","{""value"":""69,133,236""}","{""value"":""2,341,256""}","{""value"":""596,904""}","{""value"":""11,628""}","i-MdiG50NcBC","{""value"":""11,591,063""}","{""value"":""228,012""}","{""value"":""152""}"
"{""value"":""152""}","{""value"":{""root"":{""children"":[{""id"":""cl-5BSELTvnXP"",""type"":""Line"",""style"":""Paragraph"",""children"":[{""text"":""\n""}],""alignment"":""Left"",""lineLevel"":0}]},""type"":""slate""}}","{""value"":{""name"":""\n"",""type"":""ref"",""rowId"":""i-axeX1kgXPQ"",""targetTableId"":""grid-9b_wKenBYU-select-list-c-90gqdBnx5b""}}","{""value"":"">""}","{""value"":""14,186,160""}","{""value"":""3,581,424""}","{""value"":""69769""}","{""value"":""70,514,016""}","{""value"":""2,387,769""}","{""value"":""608,685""}","{""value"":""11,781""}","i-whrkVKzgyM","{""value"":""11,822,105""}","{""value"":""231,042""}","{""value"":""153""}"
"{""value"":""153""}","{""value"":{""root"":{""children"":[{""id"":""cl-VT27vHyBnx"",""type"":""Line"",""style"":""Paragraph"",""children"":[{""text"":""\n""}],""alignment"":""Left"",""lineLevel"":0}]},""type"":""slate""}}","{""value"":{""name"":""\n"",""type"":""ref"",""rowId"":""i-axeX1kgXPQ"",""targetTableId"":""grid-9b_wKenBYU-select-list-c-90gqdBnx5b""}}","{""value"":"".""}","{""value"":""14,467,068""}","{""value"":""3,652,110""}","{""value"":""70687""}","{""value"":""71,913,060""}","{""value"":""2,434,894""}","{""value"":""620,620""}","{""value"":""11,935""}","i-XtdBzz0n3s","{""value"":""12,056,197""}","{""value"":""234,092""}","{""value"":""154""}"
"{""value"":""154""}","{""value"":{""root"":{""children"":[{""id"":""cl-F-h_NTbGnA"",""type"":""Line"",""style"":""Paragraph"",""children"":[{""text"":""\n""}],""alignment"":""Left"",""lineLevel"":0}]},""type"":""slate""}}","{""value"":{""name"":""\n"",""type"":""ref"",""rowId"":""i-axeX1kgXPQ"",""targetTableId"":""grid-9b_wKenBYU-select-list-c-90gqdBnx5b""}}","{""value"":""<""}","{""value"":""14,751,660""}","{""value"":""3,723,720""}","{""value"":""71611""}","{""value"":""73,330,488""}","{""value"":""2,482,635""}","{""value"":""632,710""}","{""value"":""12,090""}","i-H4yVPUsmRf","{""value"":""12,293,359""}","{""value"":""237,162""}","{""value"":""155""}"
"{""value"":""155""}","{""value"":{""root"":{""children"":[{""id"":""cl-nFOJU0lbHR"",""type"":""Line"",""style"":""Paragraph"",""children"":[{""text"":""\n""}],""alignment"":""Left"",""lineLevel"":0}]},""type"":""slate""}}","{""value"":{""name"":""\n"",""type"":""ref"",""rowId"":""i-axeX1kgXPQ"",""targetTableId"":""grid-9b_wKenBYU-select-list-c-90gqdBnx5b""}}","{""value"":"">""}","{""value"":""15,039,960""}","{""value"":""3,796,260""}","{""value"":""72541""}","{""value"":""74,766,420""}","{""value"":""2,530,996""}","{""value"":""644,956""}","{""value"":""12,246""}","i-al85ovZyOH","{""value"":""12,533,611""}","{""value"":""240,252""}","{""value"":""156""}"
"{""value"":""156""}","{""value"":{""root"":{""children"":[{""id"":""cl-livh16ll-B"",""type"":""Line"",""style"":""Paragraph"",""children"":[{""text"":""\n""}],""alignment"":""Left"",""lineLevel"":0}]},""type"":""slate""}}","{""value"":{""name"":""\n"",""type"":""ref"",""rowId"":""i-axeX1kgXPQ"",""targetTableId"":""grid-9b_wKenBYU-select-list-c-90gqdBnx5b""}}","{""value"":"".""}","{""value"":""15,331,992""}","{""value"":""3,869,736""}","{""value"":""73477""}","{""value"":""76,220,976""}","{""value"":""2,579,981""}","{""value"":""657,359""}","{""value"":""12,403""}","i-uqY3zDSfK5","{""value"":""12,776,973""}","{""value"":""243,362""}","{""value"":""157""}"
"{""value"":""157""}","{""value"":{""root"":{""children"":[{""id"":""cl-RLT0qer4e9"",""type"":""Line"",""style"":""Paragraph"",""children"":[{""text"":""\n""}],""alignment"":""Left"",""lineLevel"":0}]},""type"":""slate""}}","{""value"":{""name"":""\n"",""type"":""ref"",""rowId"":""i-axeX1kgXPQ"",""targetTableId"":""grid-9b_wKenBYU-select-list-c-90gqdBnx5b""}}","{""value"":""<""}","{""value"":""15,627,780""}","{""value"":""3,944,154""}","{""value"":""74419""}","{""value"":""77,694,276""}","{""value"":""2,629,594""}","{""value"":""669,920""}","{""value"":""12,561""}","i-45C3Gy1NG9","{""value"":""13,023,465""}","{""value"":""246,492""}","{""value"":""158""}"
"{""value"":""158""}","{""value"":{""root"":{""children"":[{""id"":""cl-h707cPzJ5Q"",""type"":""Line"",""style"":""Paragraph"",""children"":[{""text"":""\n""}],""alignment"":""Left"",""lineLevel"":0}]},""type"":""slate""}}","{""value"":{""name"":""\n"",""type"":""ref"",""rowId"":""i-axeX1kgXPQ"",""targetTableId"":""grid-9b_wKenBYU-select-list-c-90gqdBnx5b""}}","{""value"":"">""}","{""value"":""15,927,348""}","{""value"":""4,019,520""}","{""value"":""75367""}","{""value"":""79,186,440""}","{""value"":""2,679,839""}","{""value"":""682,640""}","{""value"":""12,720""}","i-Ld_OHM6axK","{""value"":""13,273,107""}","{""value"":""249,642""}","{""value"":""159""}"
"{""value"":""159""}","{""value"":{""root"":{""children"":[{""id"":""cl-N7OmVFEUYK"",""type"":""Line"",""style"":""Paragraph"",""children"":[{""text"":""\n""}],""alignment"":""Left"",""lineLevel"":0}]},""type"":""slate""}}","{""value"":{""name"":""\n"",""type"":""ref"",""rowId"":""i-axeX1kgXPQ"",""targetTableId"":""grid-9b_wKenBYU-select-list-c-90gqdBnx5b""}}","{""value"":"".""}","{""value"":""16,230,720""}","{""value"":""4,095,840""}","{""value"":""76321""}","{""value"":""80,697,588""}","{""value"":""2,730,720""}","{""value"":""695,520""}","{""value"":""12,880""}","i-Lp8aqT6_Dx","{""value"":""13,525,919""}","{""value"":""252,812""}","{""value"":""160""}"
"{""value"":""160""}","{""value"":{""root"":{""children"":[{""id"":""cl-FO-MA6d4Ip"",""type"":""Line"",""style"":""Paragraph"",""children"":[{""text"":""\n""}],""alignment"":""Left"",""lineLevel"":0}]},""type"":""slate""}}","{""value"":{""name"":""\n"",""type"":""ref"",""rowId"":""i-axeX1kgXPQ"",""targetTableId"":""grid-9b_wKenBYU-select-list-c-90gqdBnx5b""}}","{""value"":""<""}","{""value"":""16,537,920""}","{""value"":""4,173,120""}","{""value"":""77281""}","{""value"":""82,227,840""}","{""value"":""2,782,241""}","{""value"":""708,561""}","{""value"":""13,041""}","i-UNJj5Kce0p","{""value"":""13,781,921""}","{""value"":""256,002""}","{""value"":""161""}"
"{""value"":""161""}","{""value"":{""root"":{""children"":[{""id"":""cl-uCV1RYnb5D"",""type"":""Line"",""style"":""Paragraph"",""children"":[{""text"":""\n""}],""alignment"":""Left"",""lineLevel"":0}]},""type"":""slate""}}","{""value"":{""name"":""\n"",""type"":""ref"",""rowId"":""i-axeX1kgXPQ"",""targetTableId"":""grid-9b_wKenBYU-select-list-c-90gqdBnx5b""}}","{""value"":"">""}","{""value"":""16,848,972""}","{""value"":""4,251,366""}","{""value"":""78247""}","{""value"":""83,777,316""}","{""value"":""2,834,406""}","{""value"":""721,764""}","{""value"":""13,203""}","i-UDI-4472yH","{""value"":""14,041,133""}","{""value"":""259,212""}","{""value"":""162""}"
"{""value"":""162""}","{""value"":{""root"":{""children"":[{""id"":""cl-hK6HJKWoDG"",""type"":""Line"",""style"":""Paragraph"",""children"":[{""text"":""\n""}],""alignment"":""Left"",""lineLevel"":0}]},""type"":""slate""}}","{""value"":{""name"":""\n"",""type"":""ref"",""rowId"":""i-axeX1kgXPQ"",""targetTableId"":""grid-9b_wKenBYU-select-list-c-90gqdBnx5b""}}","{""value"":"".""}","{""value"":""17,163,900""}","{""value"":""4,330,584""}","{""value"":""79219""}","{""value"":""85,346,136""}","{""value"":""2,887,219""}","{""value"":""735,130""}","{""value"":""13,366""}","i-sZHjlTVCsF","{""value"":""14,303,575""}","{""value"":""262,442""}","{""value"":""163""}"
"{""value"":""163""}","{""value"":{""root"":{""children"":[{""id"":""cl-bVVrL-AdR-"",""type"":""Line"",""style"":""Paragraph"",""children"":[{""text"":""\n""}],""alignment"":""Left"",""lineLevel"":0}]},""type"":""slate""}}","{""value"":{""name"":""\n"",""type"":""ref"",""rowId"":""i-axeX1kgXPQ"",""targetTableId"":""grid-9b_wKenBYU-select-list-c-90gqdBnx5b""}}","{""value"":""<""}","{""value"":""17,482,728""}","{""value"":""4,410,780""}","{""value"":""80197""}","{""value"":""86,934,420""}","{""value"":""2,940,684""}","{""value"":""748,660""}","{""value"":""13,530""}","i-U7Bk4I7FiK","{""value"":""14,569,267""}","{""value"":""265,692""}","{""value"":""164""}"
"{""value"":""164""}","{""value"":{""root"":{""children"":[{""id"":""cl-zllXJhyJW5"",""type"":""Line"",""style"":""Paragraph"",""children"":[{""text"":""\n""}],""alignment"":""Left"",""lineLevel"":0}]},""type"":""slate""}}","{""value"":{""name"":""\n"",""type"":""ref"",""rowId"":""i-axeX1kgXPQ"",""targetTableId"":""grid-9b_wKenBYU-select-list-c-90gqdBnx5b""}}","{""value"":"">""}","{""value"":""17,805,480""}","{""value"":""4,491,960""}","{""value"":""81181""}","{""value"":""88,542,288""}","{""value"":""2,994,805""}","{""value"":""762,355""}","{""value"":""13,695""}","i-kkQ6nmzwSl","{""value"":""14,838,229""}","{""value"":""268,962""}","{""value"":""165""}"
"{""value"":""165""}","{""value"":{""root"":{""children"":[{""id"":""cl-0m5FF_XWQN"",""type"":""Line"",""style"":""Paragraph"",""children"":[{""text"":""\n""}],""alignment"":""Left"",""lineLevel"":0}]},""type"":""slate""}}","{""value"":{""name"":""\n"",""type"":""ref"",""rowId"":""i-axeX1kgXPQ"",""targetTableId"":""grid-9b_wKenBYU-select-list-c-90gqdBnx5b""}}","{""value"":"".""}","{""value"":""18,132,180""}","{""value"":""4,574,130""}","{""value"":""82171""}","{""value"":""90,169,860""}","{""value"":""3,049,586""}","{""value"":""776,216""}","{""value"":""13,861""}","i-_sfYfVLkj0","{""value"":""15,110,481""}","{""value"":""272,252""}","{""value"":""166""}"
"{""value"":""166""}","{""value"":{""root"":{""children"":[{""id"":""cl-qX1uIDfVDS"",""type"":""Line"",""style"":""Paragraph"",""children"":[{""text"":""\n""}],""alignment"":""Left"",""lineLevel"":0}]},""type"":""slate""}}","{""value"":{""name"":""\n"",""type"":""ref"",""rowId"":""i-axeX1kgXPQ"",""targetTableId"":""grid-9b_wKenBYU-select-list-c-90gqdBnx5b""}}","{""value"":""<""}","{""value"":""18,462,852""}","{""value"":""4,657,296""}","{""value"":""83167""}","{""value"":""91,817,256""}","{""value"":""3,105,031""}","{""value"":""790,244""}","{""value"":""14,028""}","i-uyRhz8WYPy","{""value"":""15,386,043""}","{""value"":""275,562""}","{""value"":""167""}"
"{""value"":""167""}","{""value"":{""root"":{""children"":[{""id"":""cl-62oi6tdAJT"",""type"":""Line"",""style"":""Paragraph"",""children"":[{""text"":""\n""}],""alignment"":""Left"",""lineLevel"":0}]},""type"":""slate""}}","{""value"":{""name"":""\n"",""type"":""ref"",""rowId"":""i-axeX1kgXPQ"",""targetTableId"":""grid-9b_wKenBYU-select-list-c-90gqdBnx5b""}}","{""value"":"">""}","{""value"":""18,797,520""}","{""value"":""4,741,464""}","{""value"":""84169""}","{""value"":""93,484,596""}","{""value"":""3,161,144""}","{""value"":""804,440""}","{""value"":""14,196""}","i-FdD2ZovQYt","{""value"":""15,664,935""}","{""value"":""278,892""}","{""value"":""168""}"
"{""value"":""168""}","{""value"":{""root"":{""children"":[{""id"":""cl-G7z9-GEcMt"",""type"":""Line"",""style"":""Paragraph"",""children"":[{""text"":""\n""}],""alignment"":""Left"",""lineLevel"":0}]},""type"":""slate""}}","{""value"":{""name"":""\n"",""type"":""ref"",""rowId"":""i-axeX1kgXPQ"",""targetTableId"":""grid-9b_wKenBYU-select-list-c-90gqdBnx5b""}}","{""value"":"".""}","{""value"":""19,136,208""}","{""value"":""4,826,640""}","{""value"":""85177""}","{""value"":""95,172,000""}","{""value"":""3,217,929""}","{""value"":""818,805""}","{""value"":""14,365""}","i-VJ_ZCJgw2i","{""value"":""15,947,177""}","{""value"":""282,242""}","{""value"":""169""}"
"{""value"":""169""}","{""value"":{""root"":{""children"":[{""id"":""cl-0QGSAXO8P3"",""type"":""Line"",""style"":""Paragraph"",""children"":[{""text"":""\n""}],""alignment"":""Left"",""lineLevel"":0}]},""type"":""slate""}}","{""value"":{""name"":""\n"",""type"":""ref"",""rowId"":""i-axeX1kgXPQ"",""targetTableId"":""grid-9b_wKenBYU-select-list-c-90gqdBnx5b""}}","{""value"":""<""}","{""value"":""19,478,940""}","{""value"":""4,912,830""}","{""value"":""86191""}","{""value"":""96,879,588""}","{""value"":""3,275,390""}","{""value"":""833,340""}","{""value"":""14,535""}","i-7OWucNCZME","{""value"":""16,232,789""}","{""value"":""285,612""}","{""value"":""170""}"
"{""value"":""170""}","{""value"":{""root"":{""children"":[{""id"":""cl-61DVfaQZUe"",""type"":""Line"",""style"":""Paragraph"",""children"":[{""text"":""\n""}],""alignment"":""Left"",""lineLevel"":0}]},""type"":""slate""}}","{""value"":{""name"":""\n"",""type"":""ref"",""rowId"":""i-axeX1kgXPQ"",""targetTableId"":""grid-9b_wKenBYU-select-list-c-90gqdBnx5b""}}","{""value"":"">""}","{""value"":""19,825,740""}","{""value"":""5,000,040""}","{""value"":""87211""}","{""value"":""98,607,480""}","{""value"":""3,333,531""}","{""value"":""848,046""}","{""value"":""14,706""}","i-NYwZKfKiU1","{""value"":""16,521,791""}","{""value"":""289,002""}","{""value"":""171""}"
"{""value"":""171""}","{""value"":{""root"":{""children"":[{""id"":""cl-uU1TUsXohz"",""type"":""Line"",""style"":""Paragraph"",""children"":[{""text"":""\n""}],""alignment"":""Left"",""lineLevel"":0}]},""type"":""slate""}}","{""value"":{""name"":""\n"",""type"":""ref"",""rowId"":""i-axeX1kgXPQ"",""targetTableId"":""grid-9b_wKenBYU-select-list-c-90gqdBnx5b""}}","{""value"":"".""}","{""value"":""20,176,632""}","{""value"":""5,088,276""}","{""value"":""88237""}","{""value"":""100,355,796""}","{""value"":""3,392,356""}","{""value"":""862,924""}","{""value"":""14,878""}","i-iIxe900P3_","{""value"":""16,814,203""}","{""value"":""292,412""}","{""value"":""172""}"
"{""value"":""172""}","{""value"":{""root"":{""children"":[{""id"":""cl-hCP8TwfNp6"",""type"":""Line"",""style"":""Paragraph"",""children"":[{""text"":""\n""}],""alignment"":""Left"",""lineLevel"":0}]},""type"":""slate""}}","{""value"":{""name"":""\n"",""type"":""ref"",""rowId"":""i-axeX1kgXPQ"",""targetTableId"":""grid-9b_wKenBYU-select-list-c-90gqdBnx5b""}}","{""value"":""<""}","{""value"":""20,531,640""}","{""value"":""5,177,544""}","{""value"":""89269""}","{""value"":""102,124,656""}","{""value"":""3,451,869""}","{""value"":""877,975""}","{""value"":""15,051""}","i-oV4ksUueLf","{""value"":""17,110,045""}","{""value"":""295,842""}","{""value"":""173""}"
"{""value"":""173""}","{""value"":{""root"":{""children"":[{""id"":""cl-foQYE0w3BA"",""type"":""Line"",""style"":""Paragraph"",""children"":[{""text"":""\n""}],""alignment"":""Left"",""lineLevel"":0}]},""type"":""slate""}}","{""value"":{""name"":""\n"",""type"":""ref"",""rowId"":""i-axeX1kgXPQ"",""targetTableId"":""grid-9b_wKenBYU-select-list-c-90gqdBnx5b""}}","{""value"":"">""}","{""value"":""20,890,788""}","{""value"":""5,267,850""}","{""value"":""90307""}","{""value"":""103,914,180""}","{""value"":""3,512,074""}","{""value"":""893,200""}","{""value"":""15,225""}","i-mq3Vl_f3r8","{""value"":""17,409,337""}","{""value"":""299,292""}","{""value"":""174""}"
"{""value"":""174""}","{""value"":{""root"":{""children"":[{""id"":""cl-ANybiwOqdP"",""type"":""Line"",""style"":""Paragraph"",""children"":[{""text"":""\n""}],""alignment"":""Left"",""lineLevel"":0}]},""type"":""slate""}}","{""value"":{""name"":""\n"",""type"":""ref"",""rowId"":""i-axeX1kgXPQ"",""targetTableId"":""grid-9b_wKenBYU-select-list-c-90gqdBnx5b""}}","{""value"":"".""}","{""value"":""21,254,100""}","{""value"":""5,359,200""}","{""value"":""91351""}","{""value"":""105,724,488""}","{""value"":""3,572,975""}","{""value"":""908,600""}","{""value"":""15,400""}","i-_q_CaF3ND7","{""value"":""17,712,099""}","{""value"":""302,762""}","{""value"":""175""}"
"{""value"":""175""}","{""value"":{""root"":{""children"":[{""id"":""cl-ihM9zF5aKm"",""type"":""Line"",""style"":""Paragraph"",""children"":[{""text"":""\n""}],""alignment"":""Left"",""lineLevel"":0}]},""type"":""slate""}}","{""value"":{""name"":""\n"",""type"":""ref"",""rowId"":""i-axeX1kgXPQ"",""targetTableId"":""grid-9b_wKenBYU-select-list-c-90gqdBnx5b""}}","{""value"":""<""}","{""value"":""21,621,600""}","{""value"":""5,451,600""}","{""value"":""92401""}","{""value"":""107,555,700""}","{""value"":""3,634,576""}","{""value"":""924,176""}","{""value"":""15,576""}","i-ojH4lv5t5k","{""value"":""18,018,351""}","{""value"":""306,252""}","{""value"":""176""}"
"{""value"":""176""}","{""value"":{""root"":{""children"":[{""id"":""cl-S5WwfR4AhW"",""type"":""Line"",""style"":""Paragraph"",""children"":[{""text"":""\n""}],""alignment"":""Left"",""lineLevel"":0}]},""type"":""slate""}}","{""value"":{""name"":""\n"",""type"":""ref"",""rowId"":""i-axeX1kgXPQ"",""targetTableId"":""grid-9b_wKenBYU-select-list-c-90gqdBnx5b""}}","{""value"":"">""}","{""value"":""21,993,312""}","{""value"":""5,545,056""}","{""value"":""93457""}","{""value"":""109,407,936""}","{""value"":""3,696,881""}","{""value"":""939,929""}","{""value"":""15,753""}","i-njQ5L5G7Jj","{""value"":""18,328,113""}","{""value"":""309,762""}","{""value"":""177""}"
"{""value"":""177""}","{""value"":{""root"":{""children"":[{""id"":""cl-lOQKHnKHwU"",""type"":""Line"",""style"":""Paragraph"",""children"":[{""text"":""\n""}],""alignment"":""Left"",""lineLevel"":0}]},""type"":""slate""}}","{""value"":{""name"":""\n"",""type"":""ref"",""rowId"":""i-axeX1kgXPQ"",""targetTableId"":""grid-9b_wKenBYU-select-list-c-90gqdBnx5b""}}","{""value"":"".""}","{""value"":""22,369,260""}","{""value"":""5,639,574""}","{""value"":""94519""}","{""value"":""111,281,316""}","{""value"":""3,759,894""}","{""value"":""955,860""}","{""value"":""15,931""}","i-0bCKrniHSN","{""value"":""18,641,405""}","{""value"":""313,292""}","{""value"":""178""}"
"{""value"":""178""}","{""value"":{""root"":{""children"":[{""id"":""cl-PtkntaqBFd"",""type"":""Line"",""style"":""Paragraph"",""children"":[{""text"":""\n""}],""alignment"":""Left"",""lineLevel"":0}]},""type"":""slate""}}","{""value"":{""name"":""\n"",""type"":""ref"",""rowId"":""i-axeX1kgXPQ"",""targetTableId"":""grid-9b_wKenBYU-select-list-c-90gqdBnx5b""}}","{""value"":""<""}","{""value"":""22,749,468""}","{""value"":""5,735,160""}","{""value"":""95587""}","{""value"":""113,175,960""}","{""value"":""3,823,619""}","{""value"":""971,970""}","{""value"":""16,110""}","i-g7CXCaQb4_","{""value"":""18,958,247""}","{""value"":""316,842""}","{""value"":""179""}"
"{""value"":""179""}","{""value"":{""root"":{""children"":[{""id"":""cl-qruaEgNn0-"",""type"":""Line"",""style"":""Paragraph"",""children"":[{""text"":""\n""}],""alignment"":""Left"",""lineLevel"":0}]},""type"":""slate""}}","{""value"":{""name"":""\n"",""type"":""ref"",""rowId"":""i-axeX1kgXPQ"",""targetTableId"":""grid-9b_wKenBYU-select-list-c-90gqdBnx5b""}}","{""value"":"">""}","{""value"":""23,133,960""}","{""value"":""5,831,820""}","{""value"":""96661""}","{""value"":""115,091,988""}","{""value"":""3,888,060""}","{""value"":""988,260""}","{""value"":""16,290""}","i-FycvRsOUkv","{""value"":""19,278,659""}","{""value"":""320,412""}","{""value"":""180""}"
"{""value"":""180""}","{""value"":{""root"":{""children"":[{""id"":""cl-5pd34sFnO7"",""type"":""Line"",""style"":""Paragraph"",""children"":[{""text"":""\n""}],""alignment"":""Left"",""lineLevel"":0}]},""type"":""slate""}}","{""value"":{""name"":""\n"",""type"":""ref"",""rowId"":""i-axeX1kgXPQ"",""targetTableId"":""grid-9b_wKenBYU-select-list-c-90gqdBnx5b""}}","{""value"":"".""}","{""value"":""23,522,760""}","{""value"":""5,929,560""}","{""value"":""97741""}","{""value"":""117,029,520""}","{""value"":""3,953,221""}","{""value"":""1,004,731""}","{""value"":""16,471""}","i-N5bSUNU_G-","{""value"":""19,602,661""}","{""value"":""324,002""}","{""value"":""181""}"
"{""value"":""181""}","{""value"":{""root"":{""children"":[{""id"":""cl-P6qjxsDfQT"",""type"":""Line"",""style"":""Paragraph"",""children"":[{""text"":""\n""}],""alignment"":""Left"",""lineLevel"":0}]},""type"":""slate""}}","{""value"":{""name"":""\n"",""type"":""ref"",""rowId"":""i-axeX1kgXPQ"",""targetTableId"":""grid-9b_wKenBYU-select-list-c-90gqdBnx5b""}}","{""value"":""<""}","{""value"":""23,915,892""}","{""value"":""6,028,386""}","{""value"":""98827""}","{""value"":""118,988,676""}","{""value"":""4,019,106""}","{""value"":""1,021,384""}","{""value"":""16,653""}","i-OP9Z119EEO","{""value"":""19,930,273""}","{""value"":""327,612""}","{""value"":""182""}"
"{""value"":""182""}","{""value"":{""root"":{""children"":[{""id"":""cl-oLjN3Edi6w"",""type"":""Line"",""style"":""Paragraph"",""children"":[{""text"":""\n""}],""alignment"":""Left"",""lineLevel"":0}]},""type"":""slate""}}","{""value"":{""name"":""\n"",""type"":""ref"",""rowId"":""i-axeX1kgXPQ"",""targetTableId"":""grid-9b_wKenBYU-select-list-c-90gqdBnx5b""}}","{""value"":"">""}","{""value"":""24,313,380""}","{""value"":""6,128,304""}","{""value"":""99919""}","{""value"":""120,969,576""}","{""value"":""4,085,719""}","{""value"":""1,038,220""}","{""value"":""16,836""}","i-Gmzd-EeOIu","{""value"":""20,261,515""}","{""value"":""331,242""}","{""value"":""183""}"
"{""value"":""183""}","{""value"":{""root"":{""children"":[{""id"":""cl-ZE8XyKFvmZ"",""type"":""Line"",""style"":""Paragraph"",""children"":[{""text"":""\n""}],""alignment"":""Left"",""lineLevel"":0}]},""type"":""slate""}}","{""value"":{""name"":""\n"",""type"":""ref"",""rowId"":""i-axeX1kgXPQ"",""targetTableId"":""grid-9b_wKenBYU-select-list-c-90gqdBnx5b""}}","{""value"":"".""}","{""value"":""24,715,248""}","{""value"":""6,229,320""}","{""value"":""101017""}","{""value"":""122,972,340""}","{""value"":""4,153,064""}","{""value"":""1,055,240""}","{""value"":""17,020""}","i-1B47lpAawn","{""value"":""20,596,407""}","{""value"":""334,892""}","{""value"":""184""}"
"{""value"":""184""}","{""value"":{""root"":{""children"":[{""id"":""cl-Y0sODNum_5"",""type"":""Line"",""style"":""Paragraph"",""children"":[{""text"":""\n""}],""alignment"":""Left"",""lineLevel"":0}]},""type"":""slate""}}","{""value"":{""name"":""\n"",""type"":""ref"",""rowId"":""i-axeX1kgXPQ"",""targetTableId"":""grid-9b_wKenBYU-select-list-c-90gqdBnx5b""}}","{""value"":""<""}","{""value"":""25,121,520""}","{""value"":""6,331,440""}","{""value"":""102121""}","{""value"":""124,997,088""}","{""value"":""4,221,145""}","{""value"":""1,072,445""}","{""value"":""17,205""}","i-h50UayjylC","{""value"":""20,934,969""}","{""value"":""338,562""}","{""value"":""185""}"
"{""value"":""185""}","{""value"":{""root"":{""children"":[{""id"":""cl-XCJ-QNW7Gg"",""type"":""Line"",""style"":""Paragraph"",""children"":[{""text"":""\n""}],""alignment"":""Left"",""lineLevel"":0}]},""type"":""slate""}}","{""value"":{""name"":""\n"",""type"":""ref"",""rowId"":""i-axeX1kgXPQ"",""targetTableId"":""grid-9b_wKenBYU-select-list-c-90gqdBnx5b""}}","{""value"":"">""}","{""value"":""25,532,220""}","{""value"":""6,434,670""}","{""value"":""103231""}","{""value"":""127,043,940""}","{""value"":""4,289,966""}","{""value"":""1,089,836""}","{""value"":""17,391""}","i-9CWEINObIT","{""value"":""21,277,221""}","{""value"":""342,252""}","{""value"":""186""}"
"{""value"":""186""}","{""value"":{""root"":{""children"":[{""id"":""cl-f6djLJU4aq"",""type"":""Line"",""style"":""Paragraph"",""children"":[{""text"":""\n""}],""alignment"":""Left"",""lineLevel"":0}]},""type"":""slate""}}","{""value"":{""name"":""\n"",""type"":""ref"",""rowId"":""i-axeX1kgXPQ"",""targetTableId"":""grid-9b_wKenBYU-select-list-c-90gqdBnx5b""}}","{""value"":"".""}","{""value"":""25,947,372""}","{""value"":""6,539,016""}","{""value"":""104347""}","{""value"":""129,113,016""}","{""value"":""4,359,531""}","{""value"":""1,107,414""}","{""value"":""17,578""}","i-0hFR4ZRJIr","{""value"":""21,623,183""}","{""value"":""345,962""}","{""value"":""187""}"
"{""value"":""187""}","{""value"":{""root"":{""children"":[{""id"":""cl-n0pIaXUYA8"",""type"":""Line"",""style"":""Paragraph"",""children"":[{""text"":""\n""}],""alignment"":""Left"",""lineLevel"":0}]},""type"":""slate""}}","{""value"":{""name"":""\n"",""type"":""ref"",""rowId"":""i-axeX1kgXPQ"",""targetTableId"":""grid-9b_wKenBYU-select-list-c-90gqdBnx5b""}}","{""value"":""<""}","{""value"":""26,367,000""}","{""value"":""6,644,484""}","{""value"":""105469""}","{""value"":""131,204,436""}","{""value"":""4,429,844""}","{""value"":""1,125,180""}","{""value"":""17,766""}","i-hGWmShypQs","{""value"":""21,972,875""}","{""value"":""349,692""}","{""value"":""188""}"
"{""value"":""188""}","{""value"":{""root"":{""children"":[{""id"":""cl-v1682sTBDX"",""type"":""Line"",""style"":""Paragraph"",""children"":[{""text"":""\n""}],""alignment"":""Left"",""lineLevel"":0}]},""type"":""slate""}}","{""value"":{""name"":""\n"",""type"":""ref"",""rowId"":""i-axeX1kgXPQ"",""targetTableId"":""grid-9b_wKenBYU-select-list-c-90gqdBnx5b""}}","{""value"":"">""}","{""value"":""26,791,128""}","{""value"":""6,751,080""}","{""value"":""106597""}","{""value"":""133,318,320""}","{""value"":""4,500,909""}","{""value"":""1,143,135""}","{""value"":""17,955""}","i-xDaZwXOI3i","{""value"":""22,326,317""}","{""value"":""353,442""}","{""value"":""189""}"
"{""value"":""189""}","{""value"":{""root"":{""children"":[{""id"":""cl--oezYwGeJL"",""type"":""Line"",""style"":""Paragraph"",""children"":[{""text"":""\n""}],""alignment"":""Left"",""lineLevel"":0}]},""type"":""slate""}}","{""value"":{""name"":""\n"",""type"":""ref"",""rowId"":""i-axeX1kgXPQ"",""targetTableId"":""grid-9b_wKenBYU-select-list-c-90gqdBnx5b""}}","{""value"":"".""}","{""value"":""27,219,780""}","{""value"":""6,858,810""}","{""value"":""107731""}","{""value"":""135,454,788""}","{""value"":""4,572,730""}","{""value"":""1,161,280""}","{""value"":""18,145""}","i-Rp8XBRNGLL","{""value"":""22,683,529""}","{""value"":""357,212""}","{""value"":""190""}"
"{""value"":""190""}","{""value"":{""root"":{""children"":[{""id"":""cl-KjLdcG80Rf"",""type"":""Line"",""style"":""Paragraph"",""children"":[{""text"":""\n""}],""alignment"":""Left"",""lineLevel"":0}]},""type"":""slate""}}","{""value"":{""name"":""\n"",""type"":""ref"",""rowId"":""i-axeX1kgXPQ"",""targetTableId"":""grid-9b_wKenBYU-select-list-c-90gqdBnx5b""}}","{""value"":""<""}","{""value"":""27,652,980""}","{""value"":""6,967,680""}","{""value"":""108871""}","{""value"":""137,613,960""}","{""value"":""4,645,311""}","{""value"":""1,179,616""}","{""value"":""18,336""}","i-m7ZwVEjgoj","{""value"":""23,044,531""}","{""value"":""361,002""}","{""value"":""191""}"
"{""value"":""191""}","{""value"":{""root"":{""children"":[{""id"":""cl-AObyV7HEw3"",""type"":""Line"",""style"":""Paragraph"",""children"":[{""text"":""\n""}],""alignment"":""Left"",""lineLevel"":0}]},""type"":""slate""}}","{""value"":{""name"":""\n"",""type"":""ref"",""rowId"":""i-axeX1kgXPQ"",""targetTableId"":""grid-9b_wKenBYU-select-list-c-90gqdBnx5b""}}","{""value"":"">""}","{""value"":""28,090,752""}","{""value"":""7,077,696""}","{""value"":""110017""}","{""value"":""139,795,956""}","{""value"":""4,718,656""}","{""value"":""1,198,144""}","{""value"":""18,528""}","i-UVTxp_zSJB","{""value"":""23,409,343""}","{""value"":""364,812""}","{""value"":""192""}"
"{""value"":""192""}","{""value"":{""root"":{""children"":[{""id"":""cl-JRNaa9Q1k5"",""type"":""Line"",""style"":""Paragraph"",""children"":[{""text"":""\n""}],""alignment"":""Left"",""lineLevel"":0}]},""type"":""slate""}}","{""value"":{""name"":""\n"",""type"":""ref"",""rowId"":""i-axeX1kgXPQ"",""targetTableId"":""grid-9b_wKenBYU-select-list-c-90gqdBnx5b""}}","{""value"":"".""}","{""value"":""28,533,120""}","{""value"":""7,188,864""}","{""value"":""111169""}","{""value"":""142,000,896""}","{""value"":""4,792,769""}","{""value"":""1,216,865""}","{""value"":""18,721""}","i-fhZibsNbrl","{""value"":""23,777,985""}","{""value"":""368,642""}","{""value"":""193""}"
"{""value"":""193""}","{""value"":{""root"":{""children"":[{""id"":""cl-di-30UdbKY"",""type"":""Line"",""style"":""Paragraph"",""children"":[{""text"":""\n""}],""alignment"":""Left"",""lineLevel"":0}]},""type"":""slate""}}","{""value"":{""name"":""\n"",""type"":""ref"",""rowId"":""i-axeX1kgXPQ"",""targetTableId"":""grid-9b_wKenBYU-select-list-c-90gqdBnx5b""}}","{""value"":""<""}","{""value"":""28,980,108""}","{""value"":""7,301,190""}","{""value"":""112327""}","{""value"":""144,228,900""}","{""value"":""4,867,654""}","{""value"":""1,235,780""}","{""value"":""18,915""}","i-O2GQBvt2W-","{""value"":""24,150,477""}","{""value"":""372,492""}","{""value"":""194""}"
"{""value"":""194""}","{""value"":{""root"":{""children"":[{""id"":""cl-vOUedm0BEJ"",""type"":""Line"",""style"":""Paragraph"",""children"":[{""text"":""\n""}],""alignment"":""Left"",""lineLevel"":0}]},""type"":""slate""}}","{""value"":{""name"":""\n"",""type"":""ref"",""rowId"":""i-axeX1kgXPQ"",""targetTableId"":""grid-9b_wKenBYU-select-list-c-90gqdBnx5b""}}","{""value"":"">""}","{""value"":""29,431,740""}","{""value"":""7,414,680""}","{""value"":""113491""}","{""value"":""146,480,088""}","{""value"":""4,943,315""}","{""value"":""1,254,890""}","{""value"":""19,110""}","i-TvZp04oEnY","{""value"":""24,526,839""}","{""value"":""376,362""}","{""value"":""195""}"
"{""value"":""195""}","{""value"":{""root"":{""children"":[{""id"":""cl-n7lJLt-beH"",""type"":""Line"",""style"":""Paragraph"",""children"":[{""text"":""\n""}],""alignment"":""Left"",""lineLevel"":0}]},""type"":""slate""}}","{""value"":{""name"":""\n"",""type"":""ref"",""rowId"":""i-axeX1kgXPQ"",""targetTableId"":""grid-9b_wKenBYU-select-list-c-90gqdBnx5b""}}","{""value"":"".""}","{""value"":""29,888,040""}","{""value"":""7,529,340""}","{""value"":""114661""}","{""value"":""148,754,580""}","{""value"":""5,019,756""}","{""value"":""1,274,196""}","{""value"":""19,306""}","i-4EKPaZjHUa","{""value"":""24,907,091""}","{""value"":""380,252""}","{""value"":""196""}"
"{""value"":""196""}","{""value"":{""root"":{""children"":[{""id"":""cl-V3ha3bsTFn"",""type"":""Line"",""style"":""Paragraph"",""children"":[{""text"":""\n""}],""alignment"":""Left"",""lineLevel"":0}]},""type"":""slate""}}","{""value"":{""name"":""\n"",""type"":""ref"",""rowId"":""i-axeX1kgXPQ"",""targetTableId"":""grid-9b_wKenBYU-select-list-c-90gqdBnx5b""}}","{""value"":""<""}","{""value"":""30,349,032""}","{""value"":""7,645,176""}","{""value"":""115837""}","{""value"":""151,052,496""}","{""value"":""5,096,981""}","{""value"":""1,293,699""}","{""value"":""19,503""}","i-VkO1GNpgwX","{""value"":""25,291,253""}","{""value"":""384,162""}","{""value"":""197""}"
"{""value"":""197""}","{""value"":{""root"":{""children"":[{""id"":""cl-igXdVTmMVo"",""type"":""Line"",""style"":""Paragraph"",""children"":[{""text"":""\n""}],""alignment"":""Left"",""lineLevel"":0}]},""type"":""slate""}}","{""value"":{""name"":""\n"",""type"":""ref"",""rowId"":""i-axeX1kgXPQ"",""targetTableId"":""grid-9b_wKenBYU-select-list-c-90gqdBnx5b""}}","{""value"":"">""}","{""value"":""30,814,740""}","{""value"":""7,762,194""}","{""value"":""117019""}","{""value"":""153,373,956""}","{""value"":""5,174,994""}","{""value"":""1,313,400""}","{""value"":""19,701""}","i-wrvt1-TIKy","{""value"":""25,679,345""}","{""value"":""388,092""}","{""value"":""198""}"
"{""value"":""198""}","{""value"":{""root"":{""children"":[{""id"":""cl-vG-szFMFib"",""type"":""Line"",""style"":""Paragraph"",""children"":[{""text"":""\n""}],""alignment"":""Left"",""lineLevel"":0}]},""type"":""slate""}}","{""value"":{""name"":""\n"",""type"":""ref"",""rowId"":""i-axeX1kgXPQ"",""targetTableId"":""grid-9b_wKenBYU-select-list-c-90gqdBnx5b""}}","{""value"":"".""}","{""value"":""31,285,188""}","{""value"":""7,880,400""}","{""value"":""118207""}","{""value"":""155,719,080""}","{""value"":""5,253,799""}","{""value"":""1,333,300""}","{""value"":""19,900""}","i-wzY4iHNHzb","{""value"":""26,071,387""}","{""value"":""392,042""}","{""value"":""199""}"
"{""value"":""199""}","{""value"":{""root"":{""children"":[{""id"":""cl-Dh6hGdmN4f"",""type"":""Line"",""style"":""Paragraph"",""children"":[{""text"":""\n""}],""alignment"":""Left"",""lineLevel"":0}]},""type"":""slate""}}","{""value"":{""name"":""\n"",""type"":""ref"",""rowId"":""i-axeX1kgXPQ"",""targetTableId"":""grid-9b_wKenBYU-select-list-c-90gqdBnx5b""}}","{""value"":""<""}","{""value"":""31,760,400""}","{""value"":""7,999,800""}","{""value"":""119401""}","{""value"":""158,087,988""}","{""value"":""5,333,400""}","{""value"":""1,353,400""}","{""value"":""20,100""}","i-HOqxXcHN-3","{""value"":""26,467,399""}","{""value"":""396,012""}","{""value"":""200""}"
"{""value"":""200""}","{""value"":{""root"":{""children"":[{""id"":""cl-Z59cU3kyVL"",""type"":""Line"",""style"":""Paragraph"",""children"":[{""text"":""\n""}],""alignment"":""Left"",""lineLevel"":0}]},""type"":""slate""}}","{""value"":{""name"":""\n"",""type"":""ref"",""rowId"":""i-axeX1kgXPQ"",""targetTableId"":""grid-9b_wKenBYU-select-list-c-90gqdBnx5b""}}","{""value"":"">""}","{""value"":""32,240,400""}","{""value"":""8,120,400""}","{""value"":""120601""}","{""value"":""160,480,800""}","{""value"":""5,413,801""}","{""value"":""1,373,701""}","{""value"":""20,301""}","i-_x5GxkSDI2","{""value"":""26,867,401""}","{""value"":""400,002""}","{""value"":""201""}"
"{""value"":""201""}","{""value"":{""root"":{""children"":[{""id"":""cl-SNc8zQ8QPf"",""type"":""Line"",""style"":""Paragraph"",""children"":[{""text"":""\n""}],""alignment"":""Left"",""lineLevel"":0}]},""type"":""slate""}}","{""value"":{""name"":""\n"",""type"":""ref"",""rowId"":""i-axeX1kgXPQ"",""targetTableId"":""grid-9b_wKenBYU-select-list-c-90gqdBnx5b""}}","{""value"":"".""}","{""value"":""32,725,212""}","{""value"":""8,242,206""}","{""value"":""121807""}","{""value"":""162,897,636""}","{""value"":""5,495,006""}","{""value"":""1,394,204""}","{""value"":""20,503""}","i-T0B4XqRKip","{""value"":""27,271,413""}","{""value"":""404,012""}","{""value"":""202""}"
"{""value"":""202""}","{""value"":{""root"":{""children"":[{""id"":""cl-BqOnpmGYSp"",""type"":""Line"",""style"":""Paragraph"",""children"":[{""text"":""\n""}],""alignment"":""Left"",""lineLevel"":0}]},""type"":""slate""}}","{""value"":{""name"":""\n"",""type"":""ref"",""rowId"":""i-axeX1kgXPQ"",""targetTableId"":""grid-9b_wKenBYU-select-list-c-90gqdBnx5b""}}","{""value"":""<""}","{""value"":""33,214,860""}","{""value"":""8,365,224""}","{""value"":""123019""}","{""value"":""165,338,616""}","{""value"":""5,577,019""}","{""value"":""1,414,910""}","{""value"":""20,706""}","i-iadmtBd21w","{""value"":""27,679,455""}","{""value"":""408,042""}","{""value"":""203""}"
"{""value"":""203""}","{""value"":{""root"":{""children"":[{""id"":""cl-7BaF-Rurc_"",""type"":""Line"",""style"":""Paragraph"",""children"":[{""text"":""\n""}],""alignment"":""Left"",""lineLevel"":0}]},""type"":""slate""}}","{""value"":{""name"":""\n"",""type"":""ref"",""rowId"":""i-axeX1kgXPQ"",""targetTableId"":""grid-9b_wKenBYU-select-list-c-90gqdBnx5b""}}","{""value"":"">""}","{""value"":""33,709,368""}","{""value"":""8,489,460""}","{""value"":""124237""}","{""value"":""167,803,860""}","{""value"":""5,659,844""}","{""value"":""1,435,820""}","{""value"":""20,910""}","i-LWet2GPZ2E","{""value"":""28,091,547""}","{""value"":""412,092""}","{""value"":""204""}"
"{""value"":""204""}","{""value"":{""root"":{""children"":[{""id"":""cl-TPw-fj8ah0"",""type"":""Line"",""style"":""Paragraph"",""children"":[{""text"":""\n""}],""alignment"":""Left"",""lineLevel"":0}]},""type"":""slate""}}","{""value"":{""name"":""\n"",""type"":""ref"",""rowId"":""i-axeX1kgXPQ"",""targetTableId"":""grid-9b_wKenBYU-select-list-c-90gqdBnx5b""}}","{""value"":"".""}","{""value"":""34,208,760""}","{""value"":""8,614,920""}","{""value"":""125461""}","{""value"":""170,293,488""}","{""value"":""5,743,485""}","{""value"":""1,456,935""}","{""value"":""21,115""}","i-vERd6JWckh","{""value"":""28,507,709""}","{""value"":""416,162""}","{""value"":""205""}"
"{""value"":""205""}","{""value"":{""root"":{""children"":[{""id"":""cl-aZVeTO8Xv1"",""type"":""Line"",""style"":""Paragraph"",""children"":[{""text"":""\n""}],""alignment"":""Left"",""lineLevel"":0}]},""type"":""slate""}}","{""value"":{""name"":""\n"",""type"":""ref"",""rowId"":""i-axeX1kgXPQ"",""targetTableId"":""grid-9b_wKenBYU-select-list-c-90gqdBnx5b""}}","{""value"":""<""}","{""value"":""34,713,060""}","{""value"":""8,741,610""}","{""value"":""126691""}","{""value"":""172,807,620""}","{""value"":""5,827,946""}","{""value"":""1,478,256""}","{""value"":""21,321""}","i-n7q9mjfkyp","{""value"":""28,927,961""}","{""value"":""420,252""}","{""value"":""206""}"
"{""value"":""206""}","{""value"":{""root"":{""children"":[{""id"":""cl-aSo3eiWcWJ"",""type"":""Line"",""style"":""Paragraph"",""children"":[{""text"":""\n""}],""alignment"":""Left"",""lineLevel"":0}]},""type"":""slate""}}","{""value"":{""name"":""\n"",""type"":""ref"",""rowId"":""i-axeX1kgXPQ"",""targetTableId"":""grid-9b_wKenBYU-select-list-c-90gqdBnx5b""}}","{""value"":"">""}","{""value"":""35,222,292""}","{""value"":""8,869,536""}","{""value"":""127927""}","{""value"":""175,346,376""}","{""value"":""5,913,231""}","{""value"":""1,499,784""}","{""value"":""21,528""}","i-l34W6hGAQh","{""value"":""29,352,323""}","{""value"":""424,362""}","{""value"":""207""}"
"{""value"":""207""}","{""value"":{""root"":{""children"":[{""id"":""cl-6FMuz_Z4eh"",""type"":""Line"",""style"":""Paragraph"",""children"":[{""text"":""\n""}],""alignment"":""Left"",""lineLevel"":0}]},""type"":""slate""}}","{""value"":{""name"":""\n"",""type"":""ref"",""rowId"":""i-axeX1kgXPQ"",""targetTableId"":""grid-9b_wKenBYU-select-list-c-90gqdBnx5b""}}","{""value"":"".""}","{""value"":""35,736,480""}","{""value"":""8,998,704""}","{""value"":""129169""}","{""value"":""177,909,876""}","{""value"":""5,999,344""}","{""value"":""1,521,520""}","{""value"":""21,736""}","i-YVSDP_ZpW3","{""value"":""29,780,815""}","{""value"":""428,492""}","{""value"":""208""}"
"{""value"":""208""}","{""value"":{""root"":{""children"":[{""id"":""cl-Nkc6CuNkjJ"",""type"":""Line"",""style"":""Paragraph"",""children"":[{""text"":""\n""}],""alignment"":""Left"",""lineLevel"":0}]},""type"":""slate""}}","{""value"":{""name"":""\n"",""type"":""ref"",""rowId"":""i-axeX1kgXPQ"",""targetTableId"":""grid-9b_wKenBYU-select-list-c-90gqdBnx5b""}}","{""value"":""<""}","{""value"":""36,255,648""}","{""value"":""9,129,120""}","{""value"":""130417""}","{""value"":""180,498,240""}","{""value"":""6,086,289""}","{""value"":""1,543,465""}","{""value"":""21,945""}","i-hMuyRME_HV","{""value"":""30,213,457""}","{""value"":""432,642""}","{""value"":""209""}"
"{""value"":""209""}","{""value"":{""root"":{""children"":[{""id"":""cl-QpIQ9xSvG6"",""type"":""Line"",""style"":""Paragraph"",""children"":[{""text"":""\n""}],""alignment"":""Left"",""lineLevel"":0}]},""type"":""slate""}}","{""value"":{""name"":""\n"",""type"":""ref"",""rowId"":""i-axeX1kgXPQ"",""targetTableId"":""grid-9b_wKenBYU-select-list-c-90gqdBnx5b""}}","{""value"":"">""}","{""value"":""36,779,820""}","{""value"":""9,260,790""}","{""value"":""131671""}","{""value"":""183,111,588""}","{""value"":""6,174,070""}","{""value"":""1,565,620""}","{""value"":""22,155""}","i-zc73hKQkp-","{""value"":""30,650,269""}","{""value"":""436,812""}","{""value"":""210""}"
"{""value"":""210""}","{""value"":{""root"":{""children"":[{""id"":""cl-Yd9TVowAlZ"",""type"":""Line"",""style"":""Paragraph"",""children"":[{""text"":""\n""}],""alignment"":""Left"",""lineLevel"":0}]},""type"":""slate""}}","{""value"":{""name"":""\n"",""type"":""ref"",""rowId"":""i-axeX1kgXPQ"",""targetTableId"":""grid-9b_wKenBYU-select-list-c-90gqdBnx5b""}}","{""value"":"".""}","{""value"":""37,309,020""}","{""value"":""9,393,720""}","{""value"":""132931""}","{""value"":""185,750,040""}","{""value"":""6,262,691""}","{""value"":""1,587,986""}","{""value"":""22,366""}","i-8F1C6Ogo6S","{""value"":""31,091,271""}","{""value"":""441,002""}","{""value"":""211""}"
"{""value"":""211""}","{""value"":{""root"":{""children"":[{""id"":""cl-qbGn7kAXpx"",""type"":""Line"",""style"":""Paragraph"",""children"":[{""text"":""\n""}],""alignment"":""Left"",""lineLevel"":0}]},""type"":""slate""}}","{""value"":{""name"":""\n"",""type"":""ref"",""rowId"":""i-axeX1kgXPQ"",""targetTableId"":""grid-9b_wKenBYU-select-list-c-90gqdBnx5b""}}","{""value"":""<""}","{""value"":""37,843,272""}","{""value"":""9,527,916""}","{""value"":""134197""}","{""value"":""188,413,716""}","{""value"":""6,352,156""}","{""value"":""1,610,564""}","{""value"":""22,578""}","i-EXrZ2ep2hM","{""value"":""31,536,483""}","{""value"":""445,212""}","{""value"":""212""}"
"{""value"":""212""}","{""value"":{""root"":{""children"":[{""id"":""cl-H9IPI9McLR"",""type"":""Line"",""style"":""Paragraph"",""children"":[{""text"":""\n""}],""alignment"":""Left"",""lineLevel"":0}]},""type"":""slate""}}","{""value"":{""name"":""\n"",""type"":""ref"",""rowId"":""i-axeX1kgXPQ"",""targetTableId"":""grid-9b_wKenBYU-select-list-c-90gqdBnx5b""}}","{""value"":"">""}","{""value"":""38,382,600""}","{""value"":""9,663,384""}","{""value"":""135469""}","{""value"":""191,102,736""}","{""value"":""6,442,469""}","{""value"":""1,633,355""}","{""value"":""22,791""}","i-_KGMp800Ua","{""value"":""31,985,925""}","{""value"":""449,442""}","{""value"":""213""}"
"{""value"":""213""}","{""value"":{""root"":{""children"":[{""id"":""cl-xPPnzBxu6G"",""type"":""Line"",""style"":""Paragraph"",""children"":[{""text"":""\n""}],""alignment"":""Left"",""lineLevel"":0}]},""type"":""slate""}}","{""value"":{""name"":""\n"",""type"":""ref"",""rowId"":""i-axeX1kgXPQ"",""targetTableId"":""grid-9b_wKenBYU-select-list-c-90gqdBnx5b""}}","{""value"":"".""}","{""value"":""38,927,028""}","{""value"":""9,800,130""}","{""value"":""136747""}","{""value"":""193,817,220""}","{""value"":""6,533,634""}","{""value"":""1,656,360""}","{""value"":""23,005""}","i-gUfQ5MPZYL","{""value"":""32,439,617""}","{""value"":""453,692""}","{""value"":""214""}"
"{""value"":""214""}","{""value"":{""root"":{""children"":[{""id"":""cl-Jcyt4NoytT"",""type"":""Line"",""style"":""Paragraph"",""children"":[{""text"":""\n""}],""alignment"":""Left"",""lineLevel"":0}]},""type"":""slate""}}","{""value"":{""name"":""\n"",""type"":""ref"",""rowId"":""i-axeX1kgXPQ"",""targetTableId"":""grid-9b_wKenBYU-select-list-c-90gqdBnx5b""}}","{""value"":""<""}","{""value"":""39,476,580""}","{""value"":""9,938,160""}","{""value"":""138031""}","{""value"":""196,557,288""}","{""value"":""6,625,655""}","{""value"":""1,679,580""}","{""value"":""23,220""}","i-18PliXQskA","{""value"":""32,897,579""}","{""value"":""457,962""}","{""value"":""215""}"
"{""value"":""215""}","{""value"":{""root"":{""children"":[{""id"":""cl-4BCwYkaqsW"",""type"":""Line"",""style"":""Paragraph"",""children"":[{""text"":""\n""}],""alignment"":""Left"",""lineLevel"":0}]},""type"":""slate""}}","{""value"":{""name"":""\n"",""type"":""ref"",""rowId"":""i-axeX1kgXPQ"",""targetTableId"":""grid-9b_wKenBYU-select-list-c-90gqdBnx5b""}}","{""value"":"">""}","{""value"":""40,031,280""}","{""value"":""10,077,480""}","{""value"":""139321""}","{""value"":""199,323,060""}","{""value"":""6,718,536""}","{""value"":""1,703,016""}","{""value"":""23,436""}","i-tReZQlAIas","{""value"":""33,359,831""}","{""value"":""462,252""}","{""value"":""216""}"
"{""value"":""216""}","{""value"":{""root"":{""children"":[{""id"":""cl-DCHR9dKSa2"",""type"":""Line"",""style"":""Paragraph"",""children"":[{""text"":""\n""}],""alignment"":""Left"",""lineLevel"":0}]},""type"":""slate""}}","{""value"":{""name"":""\n"",""type"":""ref"",""rowId"":""i-axeX1kgXPQ"",""targetTableId"":""grid-9b_wKenBYU-select-list-c-90gqdBnx5b""}}","{""value"":"".""}","{""value"":""40,591,152""}","{""value"":""10,218,096""}","{""value"":""140617""}","{""value"":""202,114,656""}","{""value"":""6,812,281""}","{""value"":""1,726,669""}","{""value"":""23,653""}","i-eGcBBZt0Zj","{""value"":""33,826,393""}","{""value"":""466,562""}","{""value"":""217""}"
"{""value"":""217""}","{""value"":{""root"":{""children"":[{""id"":""cl-q9KczCJwYH"",""type"":""Line"",""style"":""Paragraph"",""children"":[{""text"":""\n""}],""alignment"":""Left"",""lineLevel"":0}]},""type"":""slate""}}","{""value"":{""name"":""\n"",""type"":""ref"",""rowId"":""i-axeX1kgXPQ"",""targetTableId"":""grid-9b_wKenBYU-select-list-c-90gqdBnx5b""}}","{""value"":""<""}","{""value"":""41,156,220""}","{""value"":""10,360,014""}","{""value"":""141919""}","{""value"":""204,932,196""}","{""value"":""6,906,894""}","{""value"":""1,750,540""}","{""value"":""23,871""}","i-Ta-DErRIXN","{""value"":""34,297,285""}","{""value"":""470,892""}","{""value"":""218""}"
"{""value"":""218""}","{""value"":{""root"":{""children"":[{""id"":""cl-HFbiaJC8PD"",""type"":""Line"",""style"":""Paragraph"",""children"":[{""text"":""\n""}],""alignment"":""Left"",""lineLevel"":0}]},""type"":""slate""}}","{""value"":{""name"":""\n"",""type"":""ref"",""rowId"":""i-axeX1kgXPQ"",""targetTableId"":""grid-9b_wKenBYU-select-list-c-90gqdBnx5b""}}","{""value"":"">""}","{""value"":""41,726,508""}","{""value"":""10,503,240""}","{""value"":""143227""}","{""value"":""207,775,800""}","{""value"":""7,002,379""}","{""value"":""1,774,630""}","{""value"":""24,090""}","i-_ZmbVnTb8z","{""value"":""34,772,527""}","{""value"":""475,242""}","{""value"":""219""}"
"{""value"":""219""}","{""value"":{""root"":{""children"":[{""id"":""cl-CZNj_oH2Wn"",""type"":""Line"",""style"":""Paragraph"",""children"":[{""text"":""\n""}],""alignment"":""Left"",""lineLevel"":0}]},""type"":""slate""}}","{""value"":{""name"":""\n"",""type"":""ref"",""rowId"":""i-axeX1kgXPQ"",""targetTableId"":""grid-9b_wKenBYU-select-list-c-90gqdBnx5b""}}","{""value"":"".""}","{""value"":""42,302,040""}","{""value"":""10,647,780""}","{""value"":""144541""}","{""value"":""210,645,588""}","{""value"":""7,098,740""}","{""value"":""1,798,940""}","{""value"":""24,310""}","i-TAC7m2o8YO","{""value"":""35,252,139""}","{""value"":""479,612""}","{""value"":""220""}"
"{""value"":""220""}","{""value"":{""root"":{""children"":[{""id"":""cl-Kp0DgKVeAg"",""type"":""Line"",""style"":""Paragraph"",""children"":[{""text"":""\n""}],""alignment"":""Left"",""lineLevel"":0}]},""type"":""slate""}}","{""value"":{""name"":""\n"",""type"":""ref"",""rowId"":""i-axeX1kgXPQ"",""targetTableId"":""grid-9b_wKenBYU-select-list-c-90gqdBnx5b""}}","{""value"":""<""}","{""value"":""42,882,840""}","{""value"":""10,793,640""}","{""value"":""145861""}","{""value"":""213,541,680""}","{""value"":""7,195,981""}","{""value"":""1,823,471""}","{""value"":""24,531""}","i-GyTxIR-w-t","{""value"":""35,736,141""}","{""value"":""484,002""}","{""value"":""221""}"
"{""value"":""221""}","{""value"":{""root"":{""children"":[{""id"":""cl-GWhGYTznPk"",""type"":""Line"",""style"":""Paragraph"",""children"":[{""text"":""\n""}],""alignment"":""Left"",""lineLevel"":0}]},""type"":""slate""}}","{""value"":{""name"":""\n"",""type"":""ref"",""rowId"":""i-axeX1kgXPQ"",""targetTableId"":""grid-9b_wKenBYU-select-list-c-90gqdBnx5b""}}","{""value"":"">""}","{""value"":""43,468,932""}","{""value"":""10,940,826""}","{""value"":""147187""}","{""value"":""216,464,196""}","{""value"":""7,294,106""}","{""value"":""1,848,224""}","{""value"":""24,753""}","i-FoOEDRlxuI","{""value"":""36,224,553""}","{""value"":""488,412""}","{""value"":""222""}"
"{""value"":""222""}","{""value"":{""root"":{""children"":[{""id"":""cl-ieo7QZ0QTn"",""type"":""Line"",""style"":""Paragraph"",""children"":[{""text"":""\n""}],""alignment"":""Left"",""lineLevel"":0}]},""type"":""slate""}}","{""value"":{""name"":""\n"",""type"":""ref"",""rowId"":""i-axeX1kgXPQ"",""targetTableId"":""grid-9b_wKenBYU-select-list-c-90gqdBnx5b""}}","{""value"":"".""}","{""value"":""44,060,340""}","{""value"":""11,089,344""}","{""value"":""148519""}","{""value"":""219,413,256""}","{""value"":""7,393,119""}","{""value"":""1,873,200""}","{""value"":""24,976""}","i-bPOiGc_UPk","{""value"":""36,717,395""}","{""value"":""492,842""}","{""value"":""223""}"
"{""value"":""223""}","{""value"":{""root"":{""children"":[{""id"":""cl-gMvSlf4kDC"",""type"":""Line"",""style"":""Paragraph"",""children"":[{""text"":""\n""}],""alignment"":""Left"",""lineLevel"":0}]},""type"":""slate""}}","{""value"":{""name"":""\n"",""type"":""ref"",""rowId"":""i-axeX1kgXPQ"",""targetTableId"":""grid-9b_wKenBYU-select-list-c-90gqdBnx5b""}}","{""value"":""<""}","{""value"":""44,657,088""}","{""value"":""11,239,200""}","{""value"":""149857""}","{""value"":""222,388,980""}","{""value"":""7,493,024""}","{""value"":""1,898,400""}","{""value"":""25,200""}","i-KEVCgiGb5e","{""value"":""37,214,687""}","{""value"":""497,292""}","{""value"":""224""}"
"{""value"":""224""}","{""value"":{""root"":{""children"":[{""id"":""cl-N_qqyPHk6Y"",""type"":""Line"",""style"":""Paragraph"",""children"":[{""text"":""\n""}],""alignment"":""Left"",""lineLevel"":0}]},""type"":""slate""}}","{""value"":{""name"":""\n"",""type"":""ref"",""rowId"":""i-axeX1kgXPQ"",""targetTableId"":""grid-9b_wKenBYU-select-list-c-90gqdBnx5b""}}","{""value"":"">""}","{""value"":""45,259,200""}","{""value"":""11,390,400""}","{""value"":""151201""}","{""value"":""225,391,488""}","{""value"":""7,593,825""}","{""value"":""1,923,825""}","{""value"":""25,425""}","i-JMwFnHOfe3","{""value"":""37,716,449""}","{""value"":""501,762""}","{""value"":""225""}"
"{""value"":""225""}","{""value"":{""root"":{""children"":[{""id"":""cl-kFMAHkJJkd"",""type"":""Line"",""style"":""Paragraph"",""children"":[{""text"":""\n""}],""alignment"":""Left"",""lineLevel"":0}]},""type"":""slate""}}","{""value"":{""name"":""\n"",""type"":""ref"",""rowId"":""i-axeX1kgXPQ"",""targetTableId"":""grid-9b_wKenBYU-select-list-c-90gqdBnx5b""}}","{""value"":"".""}","{""value"":""45,866,700""}","{""value"":""11,542,950""}","{""value"":""152551""}","{""value"":""228,420,900""}","{""value"":""7,695,526""}","{""value"":""1,949,476""}","{""value"":""25,651""}","i-BG7yxM8ouy","{""value"":""38,222,701""}","{""value"":""506,252""}","{""value"":""226""}"
"{""value"":""226""}","{""value"":{""root"":{""children"":[{""id"":""cl-l_F3kpqF0K"",""type"":""Line"",""style"":""Paragraph"",""children"":[{""text"":""\n""}],""alignment"":""Left"",""lineLevel"":0}]},""type"":""slate""}}","{""value"":{""name"":""\n"",""type"":""ref"",""rowId"":""i-axeX1kgXPQ"",""targetTableId"":""grid-9b_wKenBYU-select-list-c-90gqdBnx5b""}}","{""value"":""<""}","{""value"":""46,479,612""}","{""value"":""11,696,856""}","{""value"":""153907""}","{""value"":""231,477,336""}","{""value"":""7,798,131""}","{""value"":""1,975,354""}","{""value"":""25,878""}","i-sitsHtcJFs","{""value"":""38,733,463""}","{""value"":""510,762""}","{""value"":""227""}"
"{""value"":""227""}","{""value"":{""root"":{""children"":[{""id"":""cl-PXxUDFS2fx"",""type"":""Line"",""style"":""Paragraph"",""children"":[{""text"":""\n""}],""alignment"":""Left"",""lineLevel"":0}]},""type"":""slate""}}","{""value"":{""name"":""\n"",""type"":""ref"",""rowId"":""i-axeX1kgXPQ"",""targetTableId"":""grid-9b_wKenBYU-select-list-c-90gqdBnx5b""}}","{""value"":"">""}","{""value"":""47,097,960""}","{""value"":""11,852,124""}","{""value"":""155269""}","{""value"":""234,560,916""}","{""value"":""7,901,644""}","{""value"":""2,001,460""}","{""value"":""26,106""}","i-xCh5iHZ_1e","{""value"":""39,248,755""}","{""value"":""515,292""}","{""value"":""228""}"
"{""value"":""228""}","{""value"":{""root"":{""children"":[{""id"":""cl-dFASw1wR5c"",""type"":""Line"",""style"":""Paragraph"",""children"":[{""text"":""\n""}],""alignment"":""Left"",""lineLevel"":0}]},""type"":""slate""}}","{""value"":{""name"":""\n"",""type"":""ref"",""rowId"":""i-axeX1kgXPQ"",""targetTableId"":""grid-9b_wKenBYU-select-list-c-90gqdBnx5b""}}","{""value"":"".""}","{""value"":""47,721,768""}","{""value"":""12,008,760""}","{""value"":""156637""}","{""value"":""237,671,760""}","{""value"":""8,006,069""}","{""value"":""2,027,795""}","{""value"":""26,335""}","i-4zPeTPBUoN","{""value"":""39,768,597""}","{""value"":""519,842""}","{""value"":""229""}"
"{""value"":""229""}","{""value"":{""root"":{""children"":[{""id"":""cl-RBfW5azP_4"",""type"":""Line"",""style"":""Paragraph"",""children"":[{""text"":""\n""}],""alignment"":""Left"",""lineLevel"":0}]},""type"":""slate""}}","{""value"":{""name"":""\n"",""type"":""ref"",""rowId"":""i-axeX1kgXPQ"",""targetTableId"":""grid-9b_wKenBYU-select-list-c-90gqdBnx5b""}}","{""value"":""<""}","{""value"":""48,351,060""}","{""value"":""12,166,770""}","{""value"":""158011""}","{""value"":""240,809,988""}","{""value"":""8,111,410""}","{""value"":""2,054,360""}","{""value"":""26,565""}","i-W5YCTsok-a","{""value"":""40,293,009""}","{""value"":""524,412""}","{""value"":""230""}"
"{""value"":""230""}","{""value"":{""root"":{""children"":[{""id"":""cl-ZBmHk8fyiS"",""type"":""Line"",""style"":""Paragraph"",""children"":[{""text"":""\n""}],""alignment"":""Left"",""lineLevel"":0}]},""type"":""slate""}}","{""value"":{""name"":""\n"",""type"":""ref"",""rowId"":""i-axeX1kgXPQ"",""targetTableId"":""grid-9b_wKenBYU-select-list-c-90gqdBnx5b""}}","{""value"":"">""}","{""value"":""48,985,860""}","{""value"":""12,326,160""}","{""value"":""159391""}","{""value"":""243,975,720""}","{""value"":""8,217,671""}","{""value"":""2,081,156""}","{""value"":""26,796""}","i-NcdrX5v4fM","{""value"":""40,822,011""}","{""value"":""529,002""}","{""value"":""231""}"
"{""value"":""231""}","{""value"":{""root"":{""children"":[{""id"":""cl-S7Z00EE8St"",""type"":""Line"",""style"":""Paragraph"",""children"":[{""text"":""\n""}],""alignment"":""Left"",""lineLevel"":0}]},""type"":""slate""}}","{""value"":{""name"":""\n"",""type"":""ref"",""rowId"":""i-axeX1kgXPQ"",""targetTableId"":""grid-9b_wKenBYU-select-list-c-90gqdBnx5b""}}","{""value"":"".""}","{""value"":""49,626,192""}","{""value"":""12,486,936""}","{""value"":""160777""}","{""value"":""247,169,076""}","{""value"":""8,324,856""}","{""value"":""2,108,184""}","{""value"":""27,028""}","i-GoubFZpEmg","{""value"":""41,355,623""}","{""value"":""533,612""}","{""value"":""232""}"
"{""value"":""232""}","{""value"":{""root"":{""children"":[{""id"":""cl-3kptZyssxz"",""type"":""Line"",""style"":""Paragraph"",""children"":[{""text"":""\n""}],""alignment"":""Left"",""lineLevel"":0}]},""type"":""slate""}}","{""value"":{""name"":""\n"",""type"":""ref"",""rowId"":""i-axeX1kgXPQ"",""targetTableId"":""grid-9b_wKenBYU-select-list-c-90gqdBnx5b""}}","{""value"":""<""}","{""value"":""50,272,080""}","{""value"":""12,649,104""}","{""value"":""162169""}","{""value"":""250,390,176""}","{""value"":""8,432,969""}","{""value"":""2,135,445""}","{""value"":""27,261""}","i-ACX3hguqII","{""value"":""41,893,865""}","{""value"":""538,242""}","{""value"":""233""}"
"{""value"":""233""}","{""value"":{""root"":{""children"":[{""id"":""cl-wQs0IBjsb9"",""type"":""Line"",""style"":""Paragraph"",""children"":[{""text"":""\n""}],""alignment"":""Left"",""lineLevel"":0}]},""type"":""slate""}}","{""value"":{""name"":""\n"",""type"":""ref"",""rowId"":""i-axeX1kgXPQ"",""targetTableId"":""grid-9b_wKenBYU-select-list-c-90gqdBnx5b""}}","{""value"":"">""}","{""value"":""50,923,548""}","{""value"":""12,812,670""}","{""value"":""163567""}","{""value"":""253,639,140""}","{""value"":""8,542,014""}","{""value"":""2,162,940""}","{""value"":""27,495""}","i-gwPwVcsfz0","{""value"":""42,436,757""}","{""value"":""542,892""}","{""value"":""234""}"
"{""value"":""234""}","{""value"":{""root"":{""children"":[{""id"":""cl-Wnu17EBXo2"",""type"":""Line"",""style"":""Paragraph"",""children"":[{""text"":""\n""}],""alignment"":""Left"",""lineLevel"":0}]},""type"":""slate""}}","{""value"":{""name"":""\n"",""type"":""ref"",""rowId"":""i-axeX1kgXPQ"",""targetTableId"":""grid-9b_wKenBYU-select-list-c-90gqdBnx5b""}}","{""value"":"".""}","{""value"":""51,580,620""}","{""value"":""12,977,640""}","{""value"":""164971""}","{""value"":""256,916,088""}","{""value"":""8,651,995""}","{""value"":""2,190,670""}","{""value"":""27,730""}","i-tu1t5deJy4","{""value"":""42,984,319""}","{""value"":""547,562""}","{""value"":""235""}"
"{""value"":""235""}","{""value"":{""root"":{""children"":[{""id"":""cl-fh1NSBIHgb"",""type"":""Line"",""style"":""Paragraph"",""children"":[{""text"":""\n""}],""alignment"":""Left"",""lineLevel"":0}]},""type"":""slate""}}","{""value"":{""name"":""\n"",""type"":""ref"",""rowId"":""i-axeX1kgXPQ"",""targetTableId"":""grid-9b_wKenBYU-select-list-c-90gqdBnx5b""}}","{""value"":""<""}","{""value"":""52,243,320""}","{""value"":""13,144,020""}","{""value"":""166381""}","{""value"":""260,221,140""}","{""value"":""8,762,916""}","{""value"":""2,218,636""}","{""value"":""27,966""}","i-EurueIIceD","{""value"":""43,536,571""}","{""value"":""552,252""}","{""value"":""236""}"
"{""value"":""236""}","{""value"":{""root"":{""children"":[{""id"":""cl-c8uw0pAJsS"",""type"":""Line"",""style"":""Paragraph"",""children"":[{""text"":""\n""}],""alignment"":""Left"",""lineLevel"":0}]},""type"":""slate""}}","{""value"":{""name"":""\n"",""type"":""ref"",""rowId"":""i-axeX1kgXPQ"",""targetTableId"":""grid-9b_wKenBYU-select-list-c-90gqdBnx5b""}}","{""value"":"">""}","{""value"":""52,911,672""}","{""value"":""13,311,816""}","{""value"":""167797""}","{""value"":""263,554,416""}","{""value"":""8,874,781""}","{""value"":""2,246,839""}","{""value"":""28,203""}","i-BHDbogcyJp","{""value"":""44,093,533""}","{""value"":""556,962""}","{""value"":""237""}"
"{""value"":""237""}","{""value"":{""root"":{""children"":[{""id"":""cl-tcJzM4gWDi"",""type"":""Line"",""style"":""Paragraph"",""children"":[{""text"":""\n""}],""alignment"":""Left"",""lineLevel"":0}]},""type"":""slate""}}","{""value"":{""name"":""\n"",""type"":""ref"",""rowId"":""i-axeX1kgXPQ"",""targetTableId"":""grid-9b_wKenBYU-select-list-c-90gqdBnx5b""}}","{""value"":"".""}","{""value"":""53,585,700""}","{""value"":""13,481,034""}","{""value"":""169219""}","{""value"":""266,916,036""}","{""value"":""8,987,594""}","{""value"":""2,275,280""}","{""value"":""28,441""}","i-E4NwaLV-ZV","{""value"":""44,655,225""}","{""value"":""561,692""}","{""value"":""238""}"
"{""value"":""238""}","{""value"":{""root"":{""children"":[{""id"":""cl-RIe2ui1tim"",""type"":""Line"",""style"":""Paragraph"",""children"":[{""text"":""\n""}],""alignment"":""Left"",""lineLevel"":0}]},""type"":""slate""}}","{""value"":{""name"":""\n"",""type"":""ref"",""rowId"":""i-axeX1kgXPQ"",""targetTableId"":""grid-9b_wKenBYU-select-list-c-90gqdBnx5b""}}","{""value"":""<""}","{""value"":""54,265,428""}","{""value"":""13,651,680""}","{""value"":""170647""}","{""value"":""270,306,120""}","{""value"":""9,101,359""}","{""value"":""2,303,960""}","{""value"":""28,680""}","i-YEzcPkPZ8c","{""value"":""45,221,667""}","{""value"":""566,442""}","{""value"":""239""}"
"{""value"":""239""}","{""value"":{""root"":{""children"":[{""id"":""cl-tty6fk6XgC"",""type"":""Line"",""style"":""Paragraph"",""children"":[{""text"":""\n""}],""alignment"":""Left"",""lineLevel"":0}]},""type"":""slate""}}","{""value"":{""name"":""\n"",""type"":""ref"",""rowId"":""i-axeX1kgXPQ"",""targetTableId"":""grid-9b_wKenBYU-select-list-c-90gqdBnx5b""}}","{""value"":"">""}","{""value"":""54,950,880""}","{""value"":""13,823,760""}","{""value"":""172081""}","{""value"":""273,724,788""}","{""value"":""9,216,080""}","{""value"":""2,332,880""}","{""value"":""28,920""}","i-yvGA_SO41l","{""value"":""45,792,879""}","{""value"":""571,212""}","{""value"":""240""}"
"{""value"":""240""}","{""value"":{""root"":{""children"":[{""id"":""cl-_jjvl6tVUJ"",""type"":""Line"",""style"":""Paragraph"",""children"":[{""text"":""\n""}],""alignment"":""Left"",""lineLevel"":0}]},""type"":""slate""}}","{""value"":{""name"":""\n"",""type"":""ref"",""rowId"":""i-axeX1kgXPQ"",""targetTableId"":""grid-9b_wKenBYU-select-list-c-90gqdBnx5b""}}","{""value"":"".""}","{""value"":""55,642,080""}","{""value"":""13,997,280""}","{""value"":""173521""}","{""value"":""277,172,160""}","{""value"":""9,331,761""}","{""value"":""2,362,041""}","{""value"":""29,161""}","i-D-SFwvaED7","{""value"":""46,368,881""}","{""value"":""576,002""}","{""value"":""241""}"
"{""value"":""241""}","{""value"":{""root"":{""children"":[{""id"":""cl-rjQ0OTn5Ks"",""type"":""Line"",""style"":""Paragraph"",""children"":[{""text"":""\n""}],""alignment"":""Left"",""lineLevel"":0}]},""type"":""slate""}}","{""value"":{""name"":""\n"",""type"":""ref"",""rowId"":""i-axeX1kgXPQ"",""targetTableId"":""grid-9b_wKenBYU-select-list-c-90gqdBnx5b""}}","{""value"":""<""}","{""value"":""56,339,052""}","{""value"":""14,172,246""}","{""value"":""174967""}","{""value"":""280,648,356""}","{""value"":""9,448,406""}","{""value"":""2,391,444""}","{""value"":""29,403""}","i-vTYDCHyvI9","{""value"":""46,949,693""}","{""value"":""580,812""}","{""value"":""242""}"
"{""value"":""242""}","{""value"":{""root"":{""children"":[{""id"":""cl-x6XvVDFNDl"",""type"":""Line"",""style"":""Paragraph"",""children"":[{""text"":""\n""}],""alignment"":""Left"",""lineLevel"":0}]},""type"":""slate""}}","{""value"":{""name"":""\n"",""type"":""ref"",""rowId"":""i-axeX1kgXPQ"",""targetTableId"":""grid-9b_wKenBYU-select-list-c-90gqdBnx5b""}}","{""value"":"">""}","{""value"":""57,041,820""}","{""value"":""14,348,664""}","{""value"":""176419""}","{""value"":""284,153,496""}","{""value"":""9,566,019""}","{""value"":""2,421,090""}","{""value"":""29,646""}","i-2UXaa0Bqgd","{""value"":""47,535,335""}","{""value"":""585,642""}","{""value"":""243""}"
"{""value"":""243""}","{""value"":{""root"":{""children"":[{""id"":""cl-8TQ6ke1Vdz"",""type"":""Line"",""style"":""Paragraph"",""children"":[{""text"":""\n""}],""alignment"":""Left"",""lineLevel"":0}]},""type"":""slate""}}","{""value"":{""name"":""\n"",""type"":""ref"",""rowId"":""i-axeX1kgXPQ"",""targetTableId"":""grid-9b_wKenBYU-select-list-c-90gqdBnx5b""}}","{""value"":"".""}","{""value"":""57,750,408""}","{""value"":""14,526,540""}","{""value"":""177877""}","{""value"":""287,687,700""}","{""value"":""9,684,604""}","{""value"":""2,450,980""}","{""value"":""29,890""}","i-q4EJAqiklO","{""value"":""48,125,827""}","{""value"":""590,492""}","{""value"":""244""}"
"{""value"":""244""}","{""value"":{""root"":{""children"":[{""id"":""cl-oqYqtPkJzg"",""type"":""Line"",""style"":""Paragraph"",""children"":[{""text"":""\n""}],""alignment"":""Left"",""lineLevel"":0}]},""type"":""slate""}}","{""value"":{""name"":""\n"",""type"":""ref"",""rowId"":""i-axeX1kgXPQ"",""targetTableId"":""grid-9b_wKenBYU-select-list-c-90gqdBnx5b""}}","{""value"":""<""}","{""value"":""58,464,840""}","{""value"":""14,705,880""}","{""value"":""179341""}","{""value"":""291,251,088""}","{""value"":""9,804,165""}","{""value"":""2,481,115""}","{""value"":""30,135""}","i-vv_JFQSyog","{""value"":""48,721,189""}","{""value"":""595,362""}","{""value"":""245""}"
"{""value"":""245""}","{""value"":{""root"":{""children"":[{""id"":""cl-fwxjweY4sB"",""type"":""Line"",""style"":""Paragraph"",""children"":[{""text"":""\n""}],""alignment"":""Left"",""lineLevel"":0}]},""type"":""slate""}}","{""value"":{""name"":""\n"",""type"":""ref"",""rowId"":""i-axeX1kgXPQ"",""targetTableId"":""grid-9b_wKenBYU-select-list-c-90gqdBnx5b""}}","{""value"":"">""}","{""value"":""59,185,140""}","{""value"":""14,886,690""}","{""value"":""180811""}","{""value"":""294,843,780""}","{""value"":""9,924,706""}","{""value"":""2,511,496""}","{""value"":""30,381""}","i-8CzfykOiMN","{""value"":""49,321,441""}","{""value"":""600,252""}","{""value"":""246""}"
"{""value"":""246""}","{""value"":{""root"":{""children"":[{""id"":""cl-AAQyHvC5DA"",""type"":""Line"",""style"":""Paragraph"",""children"":[{""text"":""\n""}],""alignment"":""Left"",""lineLevel"":0}]},""type"":""slate""}}","{""value"":{""name"":""\n"",""type"":""ref"",""rowId"":""i-axeX1kgXPQ"",""targetTableId"":""grid-9b_wKenBYU-select-list-c-90gqdBnx5b""}}","{""value"":"".""}","{""value"":""59,911,332""}","{""value"":""15,068,976""}","{""value"":""182287""}","{""value"":""298,465,896""}","{""value"":""10,046,231""}","{""value"":""2,542,124""}","{""value"":""30,628""}","i-dCT2TjUYPE","{""value"":""49,926,603""}","{""value"":""605,162""}","{""value"":""247""}"
"{""value"":""247""}","{""value"":{""root"":{""children"":[{""id"":""cl-HRuX_vSK6y"",""type"":""Line"",""style"":""Paragraph"",""children"":[{""text"":""\n""}],""alignment"":""Left"",""lineLevel"":0}]},""type"":""slate""}}","{""value"":{""name"":""\n"",""type"":""ref"",""rowId"":""i-axeX1kgXPQ"",""targetTableId"":""grid-9b_wKenBYU-select-list-c-90gqdBnx5b""}}","{""value"":""<""}","{""value"":""60,643,440""}","{""value"":""15,252,744""}","{""value"":""183769""}","{""value"":""302,117,556""}","{""value"":""10,168,744""}","{""value"":""2,573,000""}","{""value"":""30,876""}","i-mPqdL2tkCU","{""value"":""50,536,695""}","{""value"":""610,092""}","{""value"":""248""}"
"{""value"":""248""}","{""value"":{""root"":{""children"":[{""id"":""cl-c_96pPx1yQ"",""type"":""Line"",""style"":""Paragraph"",""children"":[{""text"":""\n""}],""alignment"":""Left"",""lineLevel"":0}]},""type"":""slate""}}","{""value"":{""name"":""\n"",""type"":""ref"",""rowId"":""i-axeX1kgXPQ"",""targetTableId"":""grid-9b_wKenBYU-select-list-c-90gqdBnx5b""}}","{""value"":"">""}","{""value"":""61,381,488""}","{""value"":""15,438,000""}","{""value"":""185257""}","{""value"":""305,798,880""}","{""value"":""10,292,249""}","{""value"":""2,604,125""}","{""value"":""31,125""}","i-yFGcTn8VzA","{""value"":""51,151,737""}","{""value"":""615,042""}","{""value"":""249""}"
"{""value"":""249""}","{""value"":{""root"":{""children"":[{""id"":""cl-tLPfmKiNu6"",""type"":""Line"",""style"":""Paragraph"",""children"":[{""text"":""\n""}],""alignment"":""Left"",""lineLevel"":0}]},""type"":""slate""}}","{""value"":{""name"":""\n"",""type"":""ref"",""rowId"":""i-axeX1kgXPQ"",""targetTableId"":""grid-9b_wKenBYU-select-list-c-90gqdBnx5b""}}","{""value"":"".""}","{""value"":""62,125,500""}","{""value"":""15,624,750""}","{""value"":""186751""}","{""value"":""309,509,988""}","{""value"":""10,416,750""}","{""value"":""2,635,500""}","{""value"":""31,375""}","i-jc0OcD9qDT","{""value"":""51,771,749""}","{""value"":""620,012""}","{""value"":""250""}"
"{""value"":""250""}","{""value"":{""root"":{""children"":[{""id"":""cl-iDG5Lk24sM"",""type"":""Line"",""style"":""Paragraph"",""children"":[{""text"":""\n""}],""alignment"":""Left"",""lineLevel"":0}]},""type"":""slate""}}","{""value"":{""name"":""\n"",""type"":""ref"",""rowId"":""i-axeX1kgXPQ"",""targetTableId"":""grid-9b_wKenBYU-select-list-c-90gqdBnx5b""}}","{""value"":""<""}","{""value"":""62,875,500""}","{""value"":""15,813,000""}","{""value"":""188251""}","{""value"":""313,251,000""}","{""value"":""10,542,251""}","{""value"":""2,667,126""}","{""value"":""31,626""}","i-tHJT9S09j_","{""value"":""52,396,751""}","{""value"":""625,002""}","{""value"":""251""}"
"{""value"":""251""}","{""value"":{""root"":{""children"":[{""id"":""cl-9VwIK88u24"",""type"":""Line"",""style"":""Paragraph"",""children"":[{""text"":""\n""}],""alignment"":""Left"",""lineLevel"":0}]},""type"":""slate""}}","{""value"":{""name"":""\n"",""type"":""ref"",""rowId"":""i-axeX1kgXPQ"",""targetTableId"":""grid-9b_wKenBYU-select-list-c-90gqdBnx5b""}}","{""value"":"">""}","{""value"":""63,631,512""}","{""value"":""16,002,756""}","{""value"":""189757""}","{""value"":""317,022,036""}","{""value"":""10,668,756""}","{""value"":""2,699,004""}","{""value"":""31,878""}","i-wlbzyiH5NT","{""value"":""53,026,763""}","{""value"":""630,012""}","{""value"":""252""}"
"{""value"":""252""}","{""value"":{""root"":{""children"":[{""id"":""cl-Sj_7YmsRIG"",""type"":""Line"",""style"":""Paragraph"",""children"":[{""text"":""\n""}],""alignment"":""Left"",""lineLevel"":0}]},""type"":""slate""}}","{""value"":{""name"":""\n"",""type"":""ref"",""rowId"":""i-axeX1kgXPQ"",""targetTableId"":""grid-9b_wKenBYU-select-list-c-90gqdBnx5b""}}","{""value"":"".""}","{""value"":""64,393,560""}","{""value"":""16,194,024""}","{""value"":""191269""}","{""value"":""320,823,216""}","{""value"":""10,796,269""}","{""value"":""2,731,135""}","{""value"":""32,131""}","i-txWuw0PWOB","{""value"":""53,661,805""}","{""value"":""635,042""}","{""value"":""253""}"
"{""value"":""253""}","{""value"":{""root"":{""children"":[{""id"":""cl-RabZ0HY0Os"",""type"":""Line"",""style"":""Paragraph"",""children"":[{""text"":""\n""}],""alignment"":""Left"",""lineLevel"":0}]},""type"":""slate""}}","{""value"":{""name"":""\n"",""type"":""ref"",""rowId"":""i-axeX1kgXPQ"",""targetTableId"":""grid-9b_wKenBYU-select-list-c-90gqdBnx5b""}}","{""value"":""<""}","{""value"":""65,161,668""}","{""value"":""16,386,810""}","{""value"":""192787""}","{""value"":""324,654,660""}","{""value"":""10,924,794""}","{""value"":""2,763,520""}","{""value"":""32,385""}","i-77iIxiNIRm","{""value"":""54,301,897""}","{""value"":""640,092""}","{""value"":""254""}"
"{""value"":""254""}","{""value"":{""root"":{""children"":[{""id"":""cl-ai9Tjr4CyH"",""type"":""Line"",""style"":""Paragraph"",""children"":[{""text"":""\n""}],""alignment"":""Left"",""lineLevel"":0}]},""type"":""slate""}}","{""value"":{""name"":""\n"",""type"":""ref"",""rowId"":""i-axeX1kgXPQ"",""targetTableId"":""grid-9b_wKenBYU-select-list-c-90gqdBnx5b""}}","{""value"":"">""}","{""value"":""65,935,860""}","{""value"":""16,581,120""}","{""value"":""194311""}","{""value"":""328,516,488""}","{""value"":""11,054,335""}","{""value"":""2,796,160""}","{""value"":""32,640""}","i--a_2P2MtCd","{""value"":""54,947,059""}","{""value"":""645,162""}","{""value"":""255""}"
"{""value"":""255""}","{""value"":{""root"":{""children"":[{""id"":""cl-8Yaak5gcU2"",""type"":""Line"",""style"":""Paragraph"",""children"":[{""text"":""\n""}],""alignment"":""Left"",""lineLevel"":0}]},""type"":""slate""}}","{""value"":{""name"":""\n"",""type"":""ref"",""rowId"":""i-axeX1kgXPQ"",""targetTableId"":""grid-9b_wKenBYU-select-list-c-90gqdBnx5b""}}","{""value"":"".""}","{""value"":""66,716,160""}","{""value"":""16,776,960""}","{""value"":""195841""}","{""value"":""332,408,820""}","{""value"":""11,184,896""}","{""value"":""2,829,056""}","{""value"":""32,896""}","i-zgbESCSbrg","{""value"":""55,597,311""}","{""value"":""650,252""}","{""value"":""256""}"
"{""value"":""256""}","{""value"":{""root"":{""children"":[{""id"":""cl-POLy3MNpNW"",""type"":""Line"",""style"":""Paragraph"",""children"":[{""text"":""\n""}],""alignment"":""Left"",""lineLevel"":0}]},""type"":""slate""}}","{""value"":{""name"":""\n"",""type"":""ref"",""rowId"":""i-axeX1kgXPQ"",""targetTableId"":""grid-9b_wKenBYU-select-list-c-90gqdBnx5b""}}","{""value"":""<""}","{""value"":""67,502,592""}","{""value"":""16,974,336""}","{""value"":""197377""}","{""value"":""336,331,776""}","{""value"":""11,316,481""}","{""value"":""2,862,209""}","{""value"":""33,153""}","i-dC4auuq0Sp","{""value"":""56,252,673""}","{""value"":""655,362""}","{""value"":""257""}"
"{""value"":""257""}","{""value"":{""root"":{""children"":[{""id"":""cl-WYJJ1IXqlm"",""type"":""Line"",""style"":""Paragraph"",""children"":[{""text"":""\n""}],""alignment"":""Left"",""lineLevel"":0}]},""type"":""slate""}}","{""value"":{""name"":""\n"",""type"":""ref"",""rowId"":""i-axeX1kgXPQ"",""targetTableId"":""grid-9b_wKenBYU-select-list-c-90gqdBnx5b""}}","{""value"":"">""}","{""value"":""68,295,180""}","{""value"":""17,173,254""}","{""value"":""198919""}","{""value"":""340,285,476""}","{""value"":""11,449,094""}","{""value"":""2,895,620""}","{""value"":""33,411""}","i-owNHpxdWuy","{""value"":""56,913,165""}","{""value"":""660,492""}","{""value"":""258""}"
"{""value"":""258""}","{""value"":{""root"":{""children"":[{""id"":""cl-Ca5-fv4IpO"",""type"":""Line"",""style"":""Paragraph"",""children"":[{""text"":""\n""}],""alignment"":""Left"",""lineLevel"":0}]},""type"":""slate""}}","{""value"":{""name"":""\n"",""type"":""ref"",""rowId"":""i-axeX1kgXPQ"",""targetTableId"":""grid-9b_wKenBYU-select-list-c-90gqdBnx5b""}}","{""value"":"".""}","{""value"":""69,093,948""}","{""value"":""17,373,720""}","{""value"":""200467""}","{""value"":""344,270,040""}","{""value"":""11,582,739""}","{""value"":""2,929,290""}","{""value"":""33,670""}","i-Z-Fy9hHAbv","{""value"":""57,578,807""}","{""value"":""665,642""}","{""value"":""259""}"
"{""value"":""259""}","{""value"":{""root"":{""children"":[{""id"":""cl-CjAmgxcC7U"",""type"":""Line"",""style"":""Paragraph"",""children"":[{""text"":""\n""}],""alignment"":""Left"",""lineLevel"":0}]},""type"":""slate""}}","{""value"":{""name"":""\n"",""type"":""ref"",""rowId"":""i-axeX1kgXPQ"",""targetTableId"":""grid-9b_wKenBYU-select-list-c-90gqdBnx5b""}}","{""value"":""<""}","{""value"":""69,898,920""}","{""value"":""17,575,740""}","{""value"":""202021""}","{""value"":""348,285,588""}","{""value"":""11,717,420""}","{""value"":""2,963,220""}","{""value"":""33,930""}","i-YDRHjSot4l","{""value"":""58,249,619""}","{""value"":""670,812""}","{""value"":""260""}"
"{""value"":""260""}","{""value"":{""root"":{""children"":[{""id"":""cl-0VoMAVJRX9"",""type"":""Line"",""style"":""Paragraph"",""children"":[{""text"":""\n""}],""alignment"":""Left"",""lineLevel"":0}]},""type"":""slate""}}","{""value"":{""name"":""\n"",""type"":""ref"",""rowId"":""i-axeX1kgXPQ"",""targetTableId"":""grid-9b_wKenBYU-select-list-c-90gqdBnx5b""}}","{""value"":"">""}","{""value"":""70,710,120""}","{""value"":""17,779,320""}","{""value"":""203581""}","{""value"":""352,332,240""}","{""value"":""11,853,141""}","{""value"":""2,997,411""}","{""value"":""34,191""}","i-NjHmoT2FBg","{""value"":""58,925,621""}","{""value"":""676,002""}","{""value"":""261""}"
"{""value"":""261""}","{""value"":{""root"":{""children"":[{""id"":""cl-pzRW6Joy6J"",""type"":""Line"",""style"":""Paragraph"",""children"":[{""text"":""\n""}],""alignment"":""Left"",""lineLevel"":0}]},""type"":""slate""}}","{""value"":{""name"":""\n"",""type"":""ref"",""rowId"":""i-axeX1kgXPQ"",""targetTableId"":""grid-9b_wKenBYU-select-list-c-90gqdBnx5b""}}","{""value"":"".""}","{""value"":""71,527,572""}","{""value"":""17,984,466""}","{""value"":""205147""}","{""value"":""356,410,116""}","{""value"":""11,989,906""}","{""value"":""3,031,864""}","{""value"":""34,453""}","i-7eQgQP2jtf","{""value"":""59,606,833""}","{""value"":""681,212""}","{""value"":""262""}"
"{""value"":""262""}","{""value"":{""root"":{""children"":[{""id"":""cl-ktuAI11pbc"",""type"":""Line"",""style"":""Paragraph"",""children"":[{""text"":""\n""}],""alignment"":""Left"",""lineLevel"":0}]},""type"":""slate""}}","{""value"":{""name"":""\n"",""type"":""ref"",""rowId"":""i-axeX1kgXPQ"",""targetTableId"":""grid-9b_wKenBYU-select-list-c-90gqdBnx5b""}}","{""value"":""<""}","{""value"":""72,351,300""}","{""value"":""18,191,184""}","{""value"":""206719""}","{""value"":""360,519,336""}","{""value"":""12,127,719""}","{""value"":""3,066,580""}","{""value"":""34,716""}","i-30Z3CCfWfx","{""value"":""60,293,275""}","{""value"":""686,442""}","{""value"":""263""}"
"{""value"":""263""}","{""value"":{""root"":{""children"":[{""id"":""cl-iUcssDrOxZ"",""type"":""Line"",""style"":""Paragraph"",""children"":[{""text"":""\n""}],""alignment"":""Left"",""lineLevel"":0}]},""type"":""slate""}}","{""value"":{""name"":""\n"",""type"":""ref"",""rowId"":""i-axeX1kgXPQ"",""targetTableId"":""grid-9b_wKenBYU-select-list-c-90gqdBnx5b""}}","{""value"":"">""}","{""value"":""73,181,328""}","{""value"":""18,399,480""}","{""value"":""208297""}","{""value"":""364,660,020""}","{""value"":""12,266,584""}","{""value"":""3,101,560""}","{""value"":""34,980""}","i-JHUqCFkz_S","{""value"":""60,984,967""}","{""value"":""691,692""}","{""value"":""264""}"
"{""value"":""264""}","{""value"":{""root"":{""children"":[{""id"":""cl-TJLSI2Wkpy"",""type"":""Line"",""style"":""Paragraph"",""children"":[{""text"":""\n""}],""alignment"":""Left"",""lineLevel"":0}]},""type"":""slate""}}","{""value"":{""name"":""\n"",""type"":""ref"",""rowId"":""i-axeX1kgXPQ"",""targetTableId"":""grid-9b_wKenBYU-select-list-c-90gqdBnx5b""}}","{""value"":"".""}","{""value"":""74,017,680""}","{""value"":""18,609,360""}","{""value"":""209881""}","{""value"":""368,832,288""}","{""value"":""12,406,505""}","{""value"":""3,136,805""}","{""value"":""35,245""}","i-vn7rUYpMpP","{""value"":""61,681,929""}","{""value"":""696,962""}","{""value"":""265""}"
"{""value"":""265""}","{""value"":{""root"":{""children"":[{""id"":""cl-DdXF2nuPYE"",""type"":""Line"",""style"":""Paragraph"",""children"":[{""text"":""\n""}],""alignment"":""Left"",""lineLevel"":0}]},""type"":""slate""}}","{""value"":{""name"":""\n"",""type"":""ref"",""rowId"":""i-axeX1kgXPQ"",""targetTableId"":""grid-9b_wKenBYU-select-list-c-90gqdBnx5b""}}","{""value"":""<""}","{""value"":""74,860,380""}","{""value"":""18,820,830""}","{""value"":""211471""}","{""value"":""373,036,260""}","{""value"":""12,547,486""}","{""value"":""3,172,316""}","{""value"":""35,511""}","i-Q2pITvXy-i","{""value"":""62,384,181""}","{""value"":""702,252""}","{""value"":""266""}"
"{""value"":""266""}","{""value"":{""root"":{""children"":[{""id"":""cl-EhyGYDUq9F"",""type"":""Line"",""style"":""Paragraph"",""children"":[{""text"":""\n""}],""alignment"":""Left"",""lineLevel"":0}]},""type"":""slate""}}","{""value"":{""name"":""\n"",""type"":""ref"",""rowId"":""i-axeX1kgXPQ"",""targetTableId"":""grid-9b_wKenBYU-select-list-c-90gqdBnx5b""}}","{""value"":"">""}","{""value"":""75,709,452""}","{""value"":""19,033,896""}","{""value"":""213067""}","{""value"":""377,272,056""}","{""value"":""12,689,531""}","{""value"":""3,208,094""}","{""value"":""35,778""}","i-2VjB7kPNI3","{""value"":""63,091,743""}","{""value"":""707,562""}","{""value"":""267""}"
"{""value"":""267""}","{""value"":{""root"":{""children"":[{""id"":""cl-qTCFQa5HJV"",""type"":""Line"",""style"":""Paragraph"",""children"":[{""text"":""\n""}],""alignment"":""Left"",""lineLevel"":0}]},""type"":""slate""}}","{""value"":{""name"":""\n"",""type"":""ref"",""rowId"":""i-axeX1kgXPQ"",""targetTableId"":""grid-9b_wKenBYU-select-list-c-90gqdBnx5b""}}","{""value"":"".""}","{""value"":""76,564,920""}","{""value"":""19,248,564""}","{""value"":""214669""}","{""value"":""381,539,796""}","{""value"":""12,832,644""}","{""value"":""3,244,140""}","{""value"":""36,046""}","i-Nlcm8hv7x9","{""value"":""63,804,635""}","{""value"":""712,892""}","{""value"":""268""}"
"{""value"":""268""}","{""value"":{""root"":{""children"":[{""id"":""cl-BatyFvowYW"",""type"":""Line"",""style"":""Paragraph"",""children"":[{""text"":""\n""}],""alignment"":""Left"",""lineLevel"":0}]},""type"":""slate""}}","{""value"":{""name"":""\n"",""type"":""ref"",""rowId"":""i-axeX1kgXPQ"",""targetTableId"":""grid-9b_wKenBYU-select-list-c-90gqdBnx5b""}}","{""value"":""<""}","{""value"":""77,426,808""}","{""value"":""19,464,840""}","{""value"":""216277""}","{""value"":""385,839,600""}","{""value"":""12,976,829""}","{""value"":""3,280,455""}","{""value"":""36,315""}","i-U5oYSpTf77","{""value"":""64,522,877""}","{""value"":""718,242""}","{""value"":""269""}"
"{""value"":""269""}","{""value"":{""root"":{""children"":[{""id"":""cl-hgr4HJTmuK"",""type"":""Line"",""style"":""Paragraph"",""children"":[{""text"":""\n""}],""alignment"":""Left"",""lineLevel"":0}]},""type"":""slate""}}","{""value"":{""name"":""\n"",""type"":""ref"",""rowId"":""i-axeX1kgXPQ"",""targetTableId"":""grid-9b_wKenBYU-select-list-c-90gqdBnx5b""}}","{""value"":"">""}","{""value"":""78,295,140""}","{""value"":""19,682,730""}","{""value"":""217891""}","{""value"":""390,171,588""}","{""value"":""13,122,090""}","{""value"":""3,317,040""}","{""value"":""36,585""}","i-K-3rSdpJt8","{""value"":""65,246,489""}","{""value"":""723,612""}","{""value"":""270""}"
"{""value"":""270""}","{""value"":{""root"":{""children"":[{""id"":""cl--nOiCgk4tK"",""type"":""Line"",""style"":""Paragraph"",""children"":[{""text"":""\n""}],""alignment"":""Left"",""lineLevel"":0}]},""type"":""slate""}}","{""value"":{""name"":""\n"",""type"":""ref"",""rowId"":""i-axeX1kgXPQ"",""targetTableId"":""grid-9b_wKenBYU-select-list-c-90gqdBnx5b""}}","{""value"":"".""}","{""value"":""79,169,940""}","{""value"":""19,902,240""}","{""value"":""219511""}","{""value"":""394,535,880""}","{""value"":""13,268,431""}","{""value"":""3,353,896""}","{""value"":""36,856""}","i--V6GIKFPQS","{""value"":""65,975,491""}","{""value"":""729,002""}","{""value"":""271""}"
"{""value"":""271""}","{""value"":{""root"":{""children"":[{""id"":""cl-oKDiGAqLW6"",""type"":""Line"",""style"":""Paragraph"",""children"":[{""text"":""\n""}],""alignment"":""Left"",""lineLevel"":0}]},""type"":""slate""}}","{""value"":{""name"":""\n"",""type"":""ref"",""rowId"":""i-axeX1kgXPQ"",""targetTableId"":""grid-9b_wKenBYU-select-list-c-90gqdBnx5b""}}","{""value"":""<""}","{""value"":""80,051,232""}","{""value"":""20,123,376""}","{""value"":""221137""}","{""value"":""398,932,596""}","{""value"":""13,415,856""}","{""value"":""3,391,024""}","{""value"":""37,128""}","i-hVd29CAQwX","{""value"":""66,709,903""}","{""value"":""734,412""}","{""value"":""272""}"
"{""value"":""272""}","{""value"":{""root"":{""children"":[{""id"":""cl-H32OJIz_VX"",""type"":""Line"",""style"":""Paragraph"",""children"":[{""text"":""\n""}],""alignment"":""Left"",""lineLevel"":0}]},""type"":""slate""}}","{""value"":{""name"":""\n"",""type"":""ref"",""rowId"":""i-axeX1kgXPQ"",""targetTableId"":""grid-9b_wKenBYU-select-list-c-90gqdBnx5b""}}","{""value"":"">""}","{""value"":""80,939,040""}","{""value"":""20,346,144""}","{""value"":""222769""}","{""value"":""403,361,856""}","{""value"":""13,564,369""}","{""value"":""3,428,425""}","{""value"":""37,401""}","i-wHevCpGOXa","{""value"":""67,449,745""}","{""value"":""739,842""}","{""value"":""273""}"
"{""value"":""273""}","{""value"":{""root"":{""children"":[{""id"":""cl-NX6TANTF7o"",""type"":""Line"",""style"":""Paragraph"",""children"":[{""text"":""\n""}],""alignment"":""Left"",""lineLevel"":0}]},""type"":""slate""}}","{""value"":{""name"":""\n"",""type"":""ref"",""rowId"":""i-axeX1kgXPQ"",""targetTableId"":""grid-9b_wKenBYU-select-list-c-90gqdBnx5b""}}","{""value"":"".""}","{""value"":""81,833,388""}","{""value"":""20,570,550""}","{""value"":""224407""}","{""value"":""407,823,780""}","{""value"":""13,713,974""}","{""value"":""3,466,100""}","{""value"":""37,675""}","i-hJZ6_UAFn0","{""value"":""68,195,037""}","{""value"":""745,292""}","{""value"":""274""}"
"{""value"":""274""}","{""value"":{""root"":{""children"":[{""id"":""cl-56ljmL0G5W"",""type"":""Line"",""style"":""Paragraph"",""children"":[{""text"":""\n""}],""alignment"":""Left"",""lineLevel"":0}]},""type"":""slate""}}","{""value"":{""name"":""\n"",""type"":""ref"",""rowId"":""i-axeX1kgXPQ"",""targetTableId"":""grid-9b_wKenBYU-select-list-c-90gqdBnx5b""}}","{""value"":""<""}","{""value"":""82,734,300""}","{""value"":""20,796,600""}","{""value"":""226051""}","{""value"":""412,318,488""}","{""value"":""13,864,675""}","{""value"":""3,504,050""}","{""value"":""37,950""}","i-TGpky0br1P","{""value"":""68,945,799""}","{""value"":""750,762""}","{""value"":""275""}"
"{""value"":""275""}","{""value"":{""root"":{""children"":[{""id"":""cl-05URJnbMUI"",""type"":""Line"",""style"":""Paragraph"",""children"":[{""text"":""\n""}],""alignment"":""Left"",""lineLevel"":0}]},""type"":""slate""}}","{""value"":{""name"":""\n"",""type"":""ref"",""rowId"":""i-axeX1kgXPQ"",""targetTableId"":""grid-9b_wKenBYU-select-list-c-90gqdBnx5b""}}","{""value"":"">""}","{""value"":""83,641,800""}","{""value"":""21,024,300""}","{""value"":""227701""}","{""value"":""416,846,100""}","{""value"":""14,016,476""}","{""value"":""3,542,276""}","{""value"":""38,226""}","i-ZazzDsp-x5","{""value"":""69,702,051""}","{""value"":""756,252""}","{""value"":""276""}"
